/*
 Navicat Premium Data Transfer

 Source Server         : test
 Source Server Type    : MySQL
 Source Server Version : 50726
 Source Host           : localhost:3306
 Source Schema         : kob

 Target Server Type    : MySQL
 Target Server Version : 50726
 File Encoding         : 65001

 Date: 06/09/2023 10:49:54
*/

SET NAMES utf8mb4;
SET FOREIGN_KEY_CHECKS = 0;

-- ----------------------------
-- Table structure for bot
-- ----------------------------
DROP TABLE IF EXISTS `bot`;
CREATE TABLE `bot`  (
  `id` int(11) NOT NULL AUTO_INCREMENT,
  `user_id` int(11) NULL DEFAULT NULL,
  `title` varchar(255) CHARACTER SET utf8 COLLATE utf8_general_ci NULL DEFAULT NULL,
  `description` varchar(255) CHARACTER SET utf8 COLLATE utf8_general_ci NULL DEFAULT NULL,
  `content` text CHARACTER SET utf8 COLLATE utf8_general_ci NULL,
  `create_time` datetime NULL DEFAULT NULL,
  `modify_time` datetime NULL DEFAULT NULL,
  PRIMARY KEY (`id`) USING BTREE
) ENGINE = InnoDB AUTO_INCREMENT = 5 CHARACTER SET = utf8 COLLATE = utf8_general_ci ROW_FORMAT = Dynamic;

-- ----------------------------
-- Records of bot
-- ----------------------------
INSERT INTO `bot` VALUES (1, 1, '111', '111', 'package com.kob.botrunningsystem.utils;\r\n\r\nimport java.io.File;\r\nimport java.io.FileNotFoundException;\r\nimport java.util.ArrayList;\r\nimport java.util.List;\r\nimport java.util.Scanner;\r\n\r\npublic class Bot implements java.util.function.Supplier<Integer> {\r\n    private boolean check_tail_increasing(int step) { // 检验当前回合，蛇的长度是否增加\r\n        if (step <= 10)\r\n            return true;\r\n        return step % 3 == 1;\r\n    }\r\n\r\n    public List<Cell> getCells(int sx, int sy, String steps) {\r\n        steps = steps.substring(1, steps.length() - 1);\r\n        List<Cell> res = new ArrayList<>();\r\n\r\n        int[] dx = {-1, 0, 1, 0}, dy = {0, 1, 0, -1};\r\n        int x = sx, y = sy;\r\n        int step = 0;\r\n        res.add(new Cell(x, y));\r\n        for (int i = 0; i < steps.length(); i++) {\r\n            int d = steps.charAt(i) - \'0\';\r\n            x += dx[d];\r\n            y += dy[d];\r\n            res.add(new Cell(x, y));\r\n            if (!check_tail_increasing(++step)) {\r\n                res.remove(0);\r\n            }\r\n        }\r\n        return res;\r\n    }\r\n\r\n    public Integer nextMove(String input) {\r\n        String[] strs = input.split(\"#\");\r\n        int[][] g = new int[13][14];\r\n        for (int i = 0, k = 0; i < 13; i++) {\r\n            for (int j = 0; j < 14; j++, k++) {\r\n                if (strs[0].charAt(k) == \'1\') {\r\n                    g[i][j] = 1;\r\n                }\r\n            }\r\n        }\r\n\r\n        int aSx = Integer.parseInt(strs[1]), aSy = Integer.parseInt(strs[2]);\r\n        int bSx = Integer.parseInt(strs[4]), bSy = Integer.parseInt(strs[5]);\r\n\r\n        List<Cell> aCells = getCells(aSx, aSy, strs[3]);\r\n        List<Cell> bCells = getCells(bSx, bSy, strs[6]);\r\n\r\n        for (Cell c : aCells)\r\n            g[c.x][c.y] = 1;\r\n        for (Cell c : bCells)\r\n            g[c.x][c.y] = 1;\r\n\r\n        int[] dx = {-1, 0, 1, 0}, dy = {0, 1, 0, -1};\r\n        for (int i = 0; i < 4; i++) {\r\n            int x = aCells.get(aCells.size() - 1).x + dx[i];\r\n            int y = aCells.get(aCells.size() - 1).y + dy[i];\r\n            if (x >= 0 && x < 13 && y >= 0 && y < 14 && g[x][y] == 0) {\r\n                return i;\r\n            }\r\n        }\r\n\r\n        return 0;\r\n    }\r\n\r\n    @Override\r\n    public Integer get() {\r\n        File file = new File(\"input.txt\");\r\n        try {\r\n            Scanner sc = new Scanner(file);\r\n            return nextMove(sc.next());\r\n        } catch (FileNotFoundException e) {\r\n            throw new RuntimeException(e);\r\n        }\r\n    }\r\n\r\n    static class Cell {\r\n        public int x, y;\r\n\r\n        public Cell(int x, int y) {\r\n            this.x = x;\r\n            this.y = y;\r\n        }\r\n    }\r\n}\r\n', '2023-08-28 22:32:12', '2023-08-28 22:32:16');
INSERT INTO `bot` VALUES (2, 1, '222', '222', 'package com.kob.botrunningsystem.utils;\r\n\r\nimport java.io.File;\r\nimport java.io.FileNotFoundException;\r\nimport java.util.ArrayList;\r\nimport java.util.List;\r\nimport java.util.Scanner;\r\n\r\npublic class Bot implements java.util.function.Supplier<Integer> {\r\n    private boolean check_tail_increasing(int step) { // 检验当前回合，蛇的长度是否增加\r\n        if (step <= 10)\r\n            return true;\r\n        return step % 3 == 1;\r\n    }\r\n\r\n    public List<Cell> getCells(int sx, int sy, String steps) {\r\n        steps = steps.substring(1, steps.length() - 1);\r\n        List<Cell> res = new ArrayList<>();\r\n\r\n        int[] dx = {-1, 0, 1, 0}, dy = {0, 1, 0, -1};\r\n        int x = sx, y = sy;\r\n        int step = 0;\r\n        res.add(new Cell(x, y));\r\n        for (int i = 0; i < steps.length(); i++) {\r\n            int d = steps.charAt(i) - \'0\';\r\n            x += dx[d];\r\n            y += dy[d];\r\n            res.add(new Cell(x, y));\r\n            if (!check_tail_increasing(++step)) {\r\n                res.remove(0);\r\n            }\r\n        }\r\n        return res;\r\n    }\r\n\r\n    public Integer nextMove(String input) {\r\n        String[] strs = input.split(\"#\");\r\n        int[][] g = new int[13][14];\r\n        for (int i = 0, k = 0; i < 13; i++) {\r\n            for (int j = 0; j < 14; j++, k++) {\r\n                if (strs[0].charAt(k) == \'1\') {\r\n                    g[i][j] = 1;\r\n                }\r\n            }\r\n        }\r\n\r\n        int aSx = Integer.parseInt(strs[1]), aSy = Integer.parseInt(strs[2]);\r\n        int bSx = Integer.parseInt(strs[4]), bSy = Integer.parseInt(strs[5]);\r\n\r\n        List<Cell> aCells = getCells(aSx, aSy, strs[3]);\r\n        List<Cell> bCells = getCells(bSx, bSy, strs[6]);\r\n\r\n        for (Cell c : aCells)\r\n            g[c.x][c.y] = 1;\r\n        for (Cell c : bCells)\r\n            g[c.x][c.y] = 1;\r\n\r\n        int[] dx = {-1, 0, 1, 0}, dy = {0, 1, 0, -1};\r\n        for (int i = 0; i < 4; i++) {\r\n            int x = aCells.get(aCells.size() - 1).x + dx[i];\r\n            int y = aCells.get(aCells.size() - 1).y + dy[i];\r\n            if (x >= 0 && x < 13 && y >= 0 && y < 14 && g[x][y] == 0) {\r\n                return i;\r\n            }\r\n        }\r\n\r\n        return 0;\r\n    }\r\n\r\n    @Override\r\n    public Integer get() {\r\n        File file = new File(\"input.txt\");\r\n        try {\r\n            Scanner sc = new Scanner(file);\r\n            return nextMove(sc.next());\r\n        } catch (FileNotFoundException e) {\r\n            throw new RuntimeException(e);\r\n        }\r\n    }\r\n\r\n    static class Cell {\r\n        public int x, y;\r\n\r\n        public Cell(int x, int y) {\r\n            this.x = x;\r\n            this.y = y;\r\n        }\r\n    }\r\n}\r\n', '2023-08-28 22:34:25', '2023-08-28 22:34:25');
INSERT INTO `bot` VALUES (3, 1, '333', '333', 'package com.kob.botrunningsystem.utils;\r\n\r\nimport java.io.File;\r\nimport java.io.FileNotFoundException;\r\nimport java.util.ArrayList;\r\nimport java.util.List;\r\nimport java.util.Scanner;\r\n\r\npublic class Bot implements java.util.function.Supplier<Integer> {\r\n    private boolean check_tail_increasing(int step) { // 检验当前回合，蛇的长度是否增加\r\n        if (step <= 10)\r\n            return true;\r\n        return step % 3 == 1;\r\n    }\r\n\r\n    public List<Cell> getCells(int sx, int sy, String steps) {\r\n        steps = steps.substring(1, steps.length() - 1);\r\n        List<Cell> res = new ArrayList<>();\r\n\r\n        int[] dx = {-1, 0, 1, 0}, dy = {0, 1, 0, -1};\r\n        int x = sx, y = sy;\r\n        int step = 0;\r\n        res.add(new Cell(x, y));\r\n        for (int i = 0; i < steps.length(); i++) {\r\n            int d = steps.charAt(i) - \'0\';\r\n            x += dx[d];\r\n            y += dy[d];\r\n            res.add(new Cell(x, y));\r\n            if (!check_tail_increasing(++step)) {\r\n                res.remove(0);\r\n            }\r\n        }\r\n        return res;\r\n    }\r\n\r\n    public Integer nextMove(String input) {\r\n        String[] strs = input.split(\"#\");\r\n        int[][] g = new int[13][14];\r\n        for (int i = 0, k = 0; i < 13; i++) {\r\n            for (int j = 0; j < 14; j++, k++) {\r\n                if (strs[0].charAt(k) == \'1\') {\r\n                    g[i][j] = 1;\r\n                }\r\n            }\r\n        }\r\n\r\n        int aSx = Integer.parseInt(strs[1]), aSy = Integer.parseInt(strs[2]);\r\n        int bSx = Integer.parseInt(strs[4]), bSy = Integer.parseInt(strs[5]);\r\n\r\n        List<Cell> aCells = getCells(aSx, aSy, strs[3]);\r\n        List<Cell> bCells = getCells(bSx, bSy, strs[6]);\r\n\r\n        for (Cell c : aCells)\r\n            g[c.x][c.y] = 1;\r\n        for (Cell c : bCells)\r\n            g[c.x][c.y] = 1;\r\n\r\n        int[] dx = {-1, 0, 1, 0}, dy = {0, 1, 0, -1};\r\n        for (int i = 0; i < 4; i++) {\r\n            int x = aCells.get(aCells.size() - 1).x + dx[i];\r\n            int y = aCells.get(aCells.size() - 1).y + dy[i];\r\n            if (x >= 0 && x < 13 && y >= 0 && y < 14 && g[x][y] == 0) {\r\n                return i;\r\n            }\r\n        }\r\n\r\n        return 0;\r\n    }\r\n\r\n    @Override\r\n    public Integer get() {\r\n        File file = new File(\"input.txt\");\r\n        try {\r\n            Scanner sc = new Scanner(file);\r\n            return nextMove(sc.next());\r\n        } catch (FileNotFoundException e) {\r\n            throw new RuntimeException(e);\r\n        }\r\n    }\r\n\r\n    static class Cell {\r\n        public int x, y;\r\n\r\n        public Cell(int x, int y) {\r\n            this.x = x;\r\n            this.y = y;\r\n        }\r\n    }\r\n}\r\n', '2023-08-28 22:50:04', '2023-08-28 22:50:04');
INSERT INTO `bot` VALUES (4, 1, ' vb', '发', 'package com.kob.botrunningsystem.utils;\r\n\r\nimport java.io.File;\r\nimport java.io.FileNotFoundException;\r\nimport java.util.ArrayList;\r\nimport java.util.List;\r\nimport java.util.Scanner;\r\n\r\npublic class Bot implements java.util.function.Supplier<Integer> {\r\n    private boolean check_tail_increasing(int step) { // 检验当前回合，蛇的长度是否增加\r\n        if (step <= 10)\r\n            return true;\r\n        return step % 3 == 1;\r\n    }\r\n\r\n    public List<Cell> getCells(int sx, int sy, String steps) {\r\n        steps = steps.substring(1, steps.length() - 1);\r\n        List<Cell> res = new ArrayList<>();\r\n\r\n        int[] dx = {-1, 0, 1, 0}, dy = {0, 1, 0, -1};\r\n        int x = sx, y = sy;\r\n        int step = 0;\r\n        res.add(new Cell(x, y));\r\n        for (int i = 0; i < steps.length(); i++) {\r\n            int d = steps.charAt(i) - \'0\';\r\n            x += dx[d];\r\n            y += dy[d];\r\n            res.add(new Cell(x, y));\r\n            if (!check_tail_increasing(++step)) {\r\n                res.remove(0);\r\n            }\r\n        }\r\n        return res;\r\n    }\r\n\r\n    public Integer nextMove(String input) {\r\n        String[] strs = input.split(\"#\");\r\n        int[][] g = new int[13][14];\r\n        for (int i = 0, k = 0; i < 13; i++) {\r\n            for (int j = 0; j < 14; j++, k++) {\r\n                if (strs[0].charAt(k) == \'1\') {\r\n                    g[i][j] = 1;\r\n                }\r\n            }\r\n        }\r\n\r\n        int aSx = Integer.parseInt(strs[1]), aSy = Integer.parseInt(strs[2]);\r\n        int bSx = Integer.parseInt(strs[4]), bSy = Integer.parseInt(strs[5]);\r\n\r\n        List<Cell> aCells = getCells(aSx, aSy, strs[3]);\r\n        List<Cell> bCells = getCells(bSx, bSy, strs[6]);\r\n\r\n        for (Cell c : aCells)\r\n            g[c.x][c.y] = 1;\r\n        for (Cell c : bCells)\r\n            g[c.x][c.y] = 1;\r\n\r\n        int[] dx = {-1, 0, 1, 0}, dy = {0, 1, 0, -1};\r\n        for (int i = 0; i < 4; i++) {\r\n            int x = aCells.get(aCells.size() - 1).x + dx[i];\r\n            int y = aCells.get(aCells.size() - 1).y + dy[i];\r\n            if (x >= 0 && x < 13 && y >= 0 && y < 14 && g[x][y] == 0) {\r\n                return i;\r\n            }\r\n        }\r\n\r\n        return 0;\r\n    }\r\n\r\n    @Override\r\n    public Integer get() {\r\n        File file = new File(\"input.txt\");\r\n        try {\r\n            Scanner sc = new Scanner(file);\r\n            return nextMove(sc.next());\r\n        } catch (FileNotFoundException e) {\r\n            throw new RuntimeException(e);\r\n        }\r\n    }\r\n\r\n    static class Cell {\r\n        public int x, y;\r\n\r\n        public Cell(int x, int y) {\r\n            this.x = x;\r\n            this.y = y;\r\n        }\r\n    }\r\n}\r\n', NULL, NULL);

-- ----------------------------
-- Table structure for record
-- ----------------------------
DROP TABLE IF EXISTS `record`;
CREATE TABLE `record`  (
  `id` int(11) NOT NULL AUTO_INCREMENT,
  `a_id` int(11) NULL DEFAULT NULL,
  `a_sx` int(11) NULL DEFAULT NULL,
  `a_sy` int(11) NULL DEFAULT NULL,
  `b_id` int(11) NULL DEFAULT NULL,
  `b_sx` int(11) NULL DEFAULT NULL,
  `b_sy` int(11) NULL DEFAULT NULL,
  `a_steps` varchar(255) CHARACTER SET utf8 COLLATE utf8_general_ci NULL DEFAULT NULL,
  `b_steps` varchar(255) CHARACTER SET utf8 COLLATE utf8_general_ci NULL DEFAULT NULL,
  `map` varchar(255) CHARACTER SET utf8 COLLATE utf8_general_ci NULL DEFAULT NULL,
  `loser` varchar(255) CHARACTER SET utf8 COLLATE utf8_general_ci NULL DEFAULT NULL,
  `create_time` datetime NULL DEFAULT NULL,
  `mode` varchar(255) CHARACTER SET utf8 COLLATE utf8_general_ci NULL DEFAULT NULL,
  PRIMARY KEY (`id`) USING BTREE
) ENGINE = InnoDB AUTO_INCREMENT = 120 CHARACTER SET = utf8 COLLATE = utf8_general_ci ROW_FORMAT = Dynamic;

-- ----------------------------
-- Records of record
-- ----------------------------
INSERT INTO `record` VALUES (1, 2, 11, 1, 2, 1, 12, '', '', '11111111111111100100000000011111000101000110010000000011101000000000011000010000000110000000000001100000001000011000000000010111000000001001100010100011111000000000100111111111111111', 'B', '2023-08-28 22:15:07', 'selfTrain');
INSERT INTO `record` VALUES (2, 2, 11, 1, 2, 1, 12, '', '', '11111111111111110000000000011000001100000110000100000011100000110000011000001010000110100000000101100001010000011000001100000111000000100001100000110000011000000000001111111111111111', 'B', '2023-08-28 22:18:11', 'selfTrain');
INSERT INTO `record` VALUES (3, 2, 11, 1, 2, 1, 12, '', '', '11111111111111100000000000011010000000000110100110000011100000000000011010001001000110101000010101100010010001011000000000000111000001100101100000000001011000000000000111111111111111', 'B', '2023-08-28 22:27:15', 'selfTrain');
INSERT INTO `record` VALUES (4, 2, 11, 1, 2, 1, 12, '', '', '11111111111111110000000101011000000000000110000010000001100000010000011001100010100110000100100001100101000110011000001000000110000001000001100000000000011010100000001111111111111111', 'B', '2023-08-28 22:37:06', 'selfTrain');
INSERT INTO `record` VALUES (5, 2, 11, 1, 2, 1, 12, '', '', '11111111111111100100001000011100000000000111001001000001100001001000011010000000000110000100100001100000000001011000010010000110000010010011100000000000111000010000100111111111111111', 'B', '2023-08-28 22:37:23', 'selfTrain');
INSERT INTO `record` VALUES (6, 2, 11, 1, 2, 1, 12, '', '', '11111111111111100000101000011000100100000110011000001011100000000000011000001000000110000100100001100000010000011000000000000111010000011001100000100100011000010100000111111111111111', 'B', '2023-08-28 22:50:30', 'selfTrain');
INSERT INTO `record` VALUES (7, 2, 11, 1, 2, 1, 12, '', '', '11111111111111100000000000011000000000000110000101100001110010000101011000000000110110000100100001101100000000011010100001001110000110100001100000000000011000000000000111111111111111', 'B', '2023-08-28 22:50:46', 'selfTrain');
INSERT INTO `record` VALUES (8, 2, 11, 1, 2, 1, 12, '', '', '11111111111111110000010000011001000000000111100000000001100010000001011010000010100110000000000001100101000001011010000001000110000000000111100000000010011000001000001111111111111111', 'all', '2023-08-28 22:51:07', 'selfTrain');
INSERT INTO `record` VALUES (9, 2, 11, 1, 2, 1, 12, '', '', '11111111111111100000000101011000000010000110001010010101100000000001011000010010000110000000000001100001001000011010000000000110101001010001100001000000011010100000000111111111111111', 'all', '2023-08-28 22:51:43', 'selfTrain');
INSERT INTO `record` VALUES (10, 1, 11, 1, 1, 1, 12, '', '', '11111111111111110010000100011000001110000110000001001001100000000000111000000100000110000000000001100000100000011100000000000110010010000001100001110000011000100001001111111111111111', 'B', '2023-08-28 22:54:00', 'selfTrain');
INSERT INTO `record` VALUES (11, 1, 11, 1, 1, 1, 12, '', '', '11111111111111110000000000011010000001000110110010000001100100000000111000000000000110100011000101100000000000011100000000100110000001001101100010000001011000000000001111111111111111', 'B', '2023-08-28 23:19:03', 'selfTrain');
INSERT INTO `record` VALUES (12, 1, 11, 1, 1, 1, 12, '', '', '11111111111111101000000100011000000000001111000000000001100100100000011101000000100110100000000101100100000010111000000100100110000000000011110000000000011000100000010111111111111111', 'all', '2023-08-28 23:28:08', 'selfTrain');
INSERT INTO `record` VALUES (13, 2, 11, 1, 2, 1, 12, '', '', '11111111111111100000000000011000011000100110000100100001100000000000011001000100001111000011000011110000100010011000000000000110000100100001100100011000011000000000000111111111111111', 'B', '2023-08-28 23:38:45', 'selfTrain');
INSERT INTO `record` VALUES (14, 2, 11, 1, 2, 1, 12, '', '', '11111111111111100000000000011000000100011111000000000001110000101000011000000000000111110000001111100000000000011000010100001110000000000011111000100000011000000000000111111111111111', 'all', '2023-08-28 23:40:57', 'selfTrain');
INSERT INTO `record` VALUES (15, 2, 11, 1, 2, 1, 12, '', '', '11111111111111100000000000011110000010000110100000000001110000010000011001001000000111001000010011100000010010011000001000001110000000000101100001000001111000000000000111111111111111', 'B', '2023-08-28 23:41:36', 'selfTrain');
INSERT INTO `record` VALUES (16, 2, 11, 1, 2, 1, 12, '', '', '11111111111111100000100100011000000010000111001000001001110000000000011000000100010111000000000011101000100000011000000000001110010000010011100001000000011000100100000111111111111111', 'all', '2023-08-28 23:42:43', 'selfTrain');
INSERT INTO `record` VALUES (17, 1, 11, 1, 1, 1, 12, '', '', '11111111111111100000000010011000100110000110000010000001100000000010011001000100000110100100100101100000100010011001000000000110000001000001100001100100011001000000000111111111111111', 'B', '2023-08-29 10:34:13', 'selfTrain');
INSERT INTO `record` VALUES (18, 1, 11, 1, 1, 1, 12, '', '', '11111111111111100000010000011010000010000110000000100001100010000110011000000100000111001000010011100000100000011001100001000110000100000001100001000001011000001000000111111111111111', 'B', '2023-08-29 10:46:04', 'machine');
INSERT INTO `record` VALUES (19, 1, 11, 1, 1, 1, 12, '', '', '11111111111111100000000000011000000110000110010000010001101000010100011000100000100110000011000001100100000100011000101000010110001000001001100001100000011000000000000111111111111111', 'B', '2023-08-29 10:46:26', 'machine');
INSERT INTO `record` VALUES (20, 1, 11, 1, 1, 1, 12, '', '', '11111111111111111000010001011000000001000110001000011001100001000001011000000000000110000000000001100000000000011010000010000110011000010001100010000000011010001000011111111111111111', 'B', '2023-08-29 10:46:45', 'machine');
INSERT INTO `record` VALUES (21, 1, 11, 1, 1, 1, 12, '', '', '11111111111111100010000000011000001000010110100000100001100000000010011100000100100110001000010001100100100000111001000000000110000100000101101000010000011000000001000111111111111111', 'all', '2023-08-29 10:47:22', 'machine');
INSERT INTO `record` VALUES (22, 1, 11, 1, 1, 1, 12, '', '', '11111111111111100000010000011000001001000111000000000001100001011001011100000000000110000011000001100000000000111010011010000110000000000011100010010000011000001000000111111111111111', 'B', '2023-08-29 10:47:38', 'machine');
INSERT INTO `record` VALUES (23, 1, 11, 1, 1, 1, 12, '', '', '11111111111111100000000010011000000000010111000000000001101000000000111000001000101110100011000101110100010000011100000000010110000000000011101000000000011001000000000111111111111111', 'B', '2023-08-29 10:49:55', 'machine');
INSERT INTO `record` VALUES (24, 1, 11, 1, 1, 1, 12, '', '', '11111111111111100000100000011100100001010110000000010001100000100000011000001001000110000100100001100010010000011000000100000110001000000001101010000100111000000100000111111111111111', 'B', '2023-08-29 10:50:24', 'machine');
INSERT INTO `record` VALUES (25, 1, 11, 1, 1, 1, 12, '', '', '11111111111111100000000000011000000000001110101100100101100000100100111000010000000110000000000001100000001000011100100100000110100100110101110000000000011000000000000111111111111111', 'B', '2023-08-29 10:56:45', 'machine');
INSERT INTO `record` VALUES (26, 1, 11, 1, 1, 1, 12, '', '', '11111111111111100000000000011000000000000110000000000011100110001010011100000001000110010111101001100010000000111001010001100111000000000001100000000000011000000000000111111111111111', 'B', '2023-08-29 10:57:39', 'machine');
INSERT INTO `record` VALUES (27, 1, 11, 1, 1, 1, 12, '', '', '11111111111111100000000001011010000010000110000100000001110001000000011100000000010110010100101001101000000000111000000010001110000000100001100001000001011010000000000111111111111111', 'B', '2023-08-29 11:01:44', 'machine');
INSERT INTO `record` VALUES (28, 1, 11, 1, 1, 1, 12, '', '', '11111111111111101000010001011000000010000110001100000001100010000100011000100010000110000000000001100001000100011000100001000110000000110001100001000000011010001000010111111111111111', 'B', '2023-08-29 11:02:02', 'machine');
INSERT INTO `record` VALUES (29, 1, 11, 1, 1, 1, 12, '', '', '11111111111111110010000100011001010001000110000000000001100000000000011010000000100110010100101001100100000001011000000000000110000000000001100010001010011000100001001111111111111111', 'B', '2023-08-29 11:10:55', 'machine');
INSERT INTO `record` VALUES (30, 1, 11, 1, 1, 1, 12, '', '', '11111111111111110000000001011000000000100110001000100001100010100010011100000000000110010000001001100000000000111001000101000110000100010001100100000000011010000000001111111111111111', 'all', '2023-08-29 11:15:55', 'machine');
INSERT INTO `record` VALUES (31, 1, 11, 1, 1, 1, 12, '', '', '11111111111111100000000000011000000000000110000100001011100000101001111000000000000110011100111001100000000000011110010100000111010000100001100000000000011000000000000111111111111111', 'B', '2023-08-29 11:49:17', 'machine');
INSERT INTO `record` VALUES (32, 1, 11, 1, 1, 1, 12, '', '', '11111111111111100000000010011010000000000110001000010001100001000001011010100000000110100100100101100000000101011010000010000110001000010001100000000001011001000000000111111111111111', 'B', '2023-08-29 12:14:22', 'machine');
INSERT INTO `record` VALUES (33, 1, 11, 1, 1, 1, 12, '', '', '11111111111111100001000000011000000000000110000000000101100000000010111011000000010110101011010101101000000011011101000000000110100000000001100000000000011000000010000111111111111111', 'all', '2023-08-29 12:15:13', 'machine');
INSERT INTO `record` VALUES (34, 1, 11, 1, 1, 1, 12, '', '', '11111111111111100001000000011100011010010110000000000001100000001001011000000000000110100011000101100000000000011010010000000110000000000001101001011000111000000010000111111111111111', 'all', '2023-08-29 12:16:58', 'machine');
INSERT INTO `record` VALUES (35, 1, 11, 1, 1, 1, 12, '', '', '11111111111111100001000000011010000001000110001000000001100011000010011110001000000110000000000001100000010001111001000011000110000000010001100010000001011000000010000111111111111111', 'all', '2023-08-29 12:31:51', 'machine');
INSERT INTO `record` VALUES (36, 1, 11, 1, 1, 1, 12, '', '', '11111111111111101000100000011000001000000110000000010011100000000000011000001000101110010100101001110100010000011000000000000111001000000001100000010000011000000100010111111111111111', 'all', '2023-08-29 12:36:11', 'machine');
INSERT INTO `record` VALUES (37, 1, 11, 1, 1, 1, 12, '', '', '11111111111111100000001000011000100000001110000000000101100000000000111110000000010110100011000101101000000001111100000000000110100000000001110000000100011000010000000111111111111111', 'all', '2023-08-29 12:39:55', 'machine');
INSERT INTO `record` VALUES (38, 1, 11, 1, 1, 1, 12, '', '', '11111111111111110000010000011011000001010110010000000101100010000000011000000000010110000000000001101000000000011000000001000110100000001001101010000011011000001000001111111111111111', 'all', '2023-08-29 12:46:41', 'machine');
INSERT INTO `record` VALUES (39, 1, 11, 1, 1, 1, 12, '', '', '11111111111111100100100000011111000000000111000000001001100000010000011000000000010110000100100001101000000000011000001000000110010000000011100000000011111000000100100111111111111111', 'all', '2023-08-29 12:52:52', 'machine');
INSERT INTO `record` VALUES (40, 1, 11, 1, 1, 1, 12, '100301100011', '322122223221', '11111111111111100001000000011000000000001110000000110001110000000100011000000010000110100111100101100001000000011000100000001110001100000001110000000000011000000010000111111111111111', 'A', '2023-08-29 12:53:38', 'machine');
INSERT INTO `record` VALUES (41, 1, 11, 1, 1, 1, 12, '00101111000111', '22222222223000', '11111111111111100000000000011000000100100110010001100001101011000000011000100000000110001000010001100000000100011000000011010110000110001001100100100000011000000000000111111111111111', 'B', '2023-08-29 12:55:46', 'machine');
INSERT INTO `record` VALUES (42, 2, 11, 1, 2, 1, 12, '', '', '11111111111111101100010000011001000010000110000000000001100010100100011000010000000110001000010001100000001000011000100101000110000000000001100001000010011000001000110111111111111111', 'all', '2023-08-29 13:01:57', 'selfTrain');
INSERT INTO `record` VALUES (43, 2, 11, 1, 1, 1, 12, '10000000000121', '22222300000120', '11111111111111100010100000011000000000000110000000110001100000101010011100000010000110000100100001100001000000111001010100000110001100000001100000000000011000000101000111111111111111', 'B', '2023-08-29 13:02:17', 'machine');
INSERT INTO `record` VALUES (44, 2, 11, 1, 1, 1, 12, '110000011112111000', '222222223000003000', '11111111111111100000110100011100000000000110000100000101100100001100011000000001000110000000000001100010000000011000110000100110100000100001100000000000111000101100000111111111111111', 'A', '2023-08-29 13:02:36', 'machine');
INSERT INTO `record` VALUES (45, 1, 11, 1, 1, 1, 12, '000000011112333212', '222222230000030300', '11111111111111100000001010011001000110010111010100000001100000100000011000000000000110000000000001100000000000011000000100000110000000101011101001100010011001010000000111111111111111', 'B', '2023-08-29 13:09:52', 'machine');
INSERT INTO `record` VALUES (46, 3, 11, 1, 1, 1, 12, '0000000011111122232221110001', '2222222222300000300110003230', '11111111111111100000100000011000110000000110000000001101100000000000011000011001010110000100100001101010011000011000000000000110110000000001100000001100011000000100000111111111111111', 'A', '2023-08-29 13:11:17', 'machine');
INSERT INTO `record` VALUES (47, 3, 11, 1, 1, 1, 12, '101100030000100111111222333223221', '322123221232221233300100001000010', '11111111111111100000000000011001000100001111000100000001110011000000011000001000001110000000000001110000010000011000000011001110000000100011110000100010011000000000000111111111111111', 'B', '2023-08-29 13:56:28', 'machine');
INSERT INTO `record` VALUES (48, 3, 11, 1, 1, 1, 12, '', '', '11111111111111100000000000011000000000000110010011010001110110000000011000000000000110011011011001100000000000011000000001101110001011001001100000000000011000000000000111111111111111', 'A', '2023-08-29 13:57:59', 'machine');
INSERT INTO `record` VALUES (49, 2, 11, 1, 1, 1, 12, '00000001111', '22222222220', '11111111111111101001000010011000000010010110000000100001100000001000011000010000100110001000010001100100001000011000010000000110000100000001101001000000011001000010010111111111111111', 'B', '2023-08-29 14:01:01', 'machine');
INSERT INTO `record` VALUES (50, 2, 11, 1, 1, 1, 12, '0', '0', '11111111111111100000100010011000100110000110010000000011100010000100011000000000000110000100100001100000000000011000100001000111000000001001100001100100011001000100000111111111111111', 'B', '2023-08-29 14:01:27', 'match');
INSERT INTO `record` VALUES (51, 2, 11, 1, 1, 1, 12, '101000300001111222223233300030001111122222223233330001221101033030301030101210012221', '223003230322121122123212333330000000122110300121012232222123321123330330003000122100', '11111111111111100100010000011000001000000110000000000001100010000000011001010001001110011000011001110010001010011000000001000110000000000001100000010000011000001000100111111111111111', 'A', '2023-08-29 14:02:57', 'match');
INSERT INTO `record` VALUES (52, 1, 11, 1, 1, 1, 12, '0010301003', '2222300300', '11111111111111101000000010011001100101010110100000100001100000000000011000000000000111000000000011100000000000011000000000000110000100000101101010100110011001000000010111111111111111', 'B', '2023-08-29 14:05:00', 'machine');
INSERT INTO `record` VALUES (53, 1, 11, 1, 1, 1, 12, '010001000003', '230323221100', '11111111111111100100000100011000100000000110100000001011100000001000011000011000000110100000000101100000011000011000010000000111010000000101100000000100011000100000100111111111111111', 'B', '2023-08-29 14:12:48', 'machine');
INSERT INTO `record` VALUES (54, 1, 11, 1, 1, 1, 12, '0000010000300', '2222230030001', '11111111111111101000100000011001000001000110000010000101100000000000011101001000000110001000010001100000010010111000000000000110100001000001100010000010011000000100010111111111111111', 'A', '2023-08-29 14:13:07', 'machine');
INSERT INTO `record` VALUES (55, 1, 11, 1, 1, 1, 12, '010', '222', '11111111111111100110100000011000010010000110000000100001110000010000011001000000100110000000000001100100000010011000001000001110000100000001100001001000011000000101100111111111111111', 'A', '2023-08-29 14:19:31', 'machine');
INSERT INTO `record` VALUES (56, 2, 11, 1, 1, 1, 12, '0011000011222100012212221103', '2223000332212221122223000323', '11111111111111110001000000011000000010100110001001000001100000100000011000000000011110001000010001111000000000011000000100000110000010010001100101000000011000000010001111111111111111', 'A', '2023-08-29 14:19:55', 'machine');
INSERT INTO `record` VALUES (57, 2, 11, 1, 1, 1, 12, '', '', '11111111111111100000000000011000010000000110000100000001100000100000111010001001000111010100101011100010010001011100000100000110000000100001100000001000011000000000000111111111111111', 'B', '2023-08-29 14:53:11', 'machine');
INSERT INTO `record` VALUES (58, 2, 11, 1, 1, 1, 12, '11110', '22220', '11111111111111100000000000011111000000000110000000010101100001000000011000000000010111010100101011101000000000011000000010000110101000000001100000000011111000000000000111111111111111', 'B', '2023-08-29 14:53:27', 'machine');
INSERT INTO `record` VALUES (59, 2, 11, 1, 1, 1, 12, '0100010011112', '2222222222300', '11111111111111100000000010011001010000000110100000000001100000101110011000000000000110100100100101100000000000011001110100000110000000000101100000001010011001000000000111111111111111', 'B', '2023-08-29 14:54:41', 'machine');
INSERT INTO `record` VALUES (60, 2, 11, 1, 1, 1, 12, '10030001212222100', '32212223030000110', '11111111111111100010000000011000010000001110000000000001100001010101011110100000000110000000000001100000000101111010101010000110000000000001110000001000011000000001000111111111111111', 'B', '2023-08-29 15:35:35', 'machine');
INSERT INTO `record` VALUES (61, 2, 11, 1, 1, 1, 12, '110000001112122122233333301', '323032303332221101211000110', '11111111111111100000000000011000001100001111000010010101100010000000011000000100000111000000000011100000100000011000000001000110101001000011110000110000011000000000000111111111111111', 'B', '2023-08-29 15:42:25', 'machine');
INSERT INTO `record` VALUES (62, 2, 11, 1, 1, 1, 12, '0111003330000000122211112', '2222222222300030000100100', '11111111111111100000001001011000000000000110000010001001100000011000011010000001000110001011010001100010000001011000011000000110010001000001100000000000011010010000000111111111111111', 'B', '2023-08-29 15:42:50', 'machine');
INSERT INTO `record` VALUES (63, 2, 11, 1, 1, 1, 12, '011211111033', '222222230000', '11111111111111100100000001011001100000000111010000000001100010000001011000000000100110010000001001100100000000011010000001000110000000001011100000000110011010000000100111111111111111', 'B', '2023-08-29 15:43:08', 'machine');
INSERT INTO `record` VALUES (64, 2, 11, 1, 1, 1, 12, '010301030100030', '222222300000100', '11111111111111100000000001011000000000100110001110000001110000000000011000100000100110010100101001100100000100011000000000001110000001110001100100000000011010000000000111111111111111', 'B', '2023-08-29 15:43:28', 'machine');
INSERT INTO `record` VALUES (65, 2, 11, 1, 1, 1, 12, '011111111123', '222222222300', '11111111111111110000001011011000000000000110010000000101101100000000011000100000000110000011000001100000000100011000000000110110100000001001100000000000011011010000001111111111111111', 'B', '2023-08-29 15:43:44', 'machine');
INSERT INTO `record` VALUES (66, 2, 11, 1, 1, 1, 12, '', '', '11111111111111110100000000011010000000000111000000000011100100001010011000000000100110000100100001100100000000011001010000100111000000000011100000000001011000000000101111111111111111', 'A', '2023-08-29 17:40:36', 'machine');
INSERT INTO `record` VALUES (67, 2, 11, 1, 1, 1, 12, '11110', '32210', '11111111111111101010000000011000000000101110000000000001100000000010111100100001100110000000000001100110000100111101000000000110000000000001110100000000011000000001010111111111111111', 'B', '2023-08-29 17:40:54', 'machine');
INSERT INTO `record` VALUES (68, 2, 11, 1, 1, 1, 12, '', '', '11111111111111100000000010011000010011000110111000000001100000000000011010000001000111000000000011100010000001011000000000000110000000011101100011001000011001000000000111111111111111', 'A', '2023-08-29 17:42:22', 'machine');
INSERT INTO `record` VALUES (69, 2, 11, 1, 1, 1, 12, '0101011110', '2303221210', '11111111111111100000010100011001000000000110010010100011101000000000011000000000001110001000010001110000000000011000000000010111000101001001100000000010011000101000000111111111111111', 'B', '2023-08-29 17:42:38', 'machine');
INSERT INTO `record` VALUES (70, 2, 11, 1, 1, 1, 12, '0100010121', '2223000320', '11111111111111100000100000011100000001000110100010001001100000100100011000000000001110100000000101110000000000011000100100000110010001000101100010000000111000000100000111111111111111', 'B', '2023-08-29 17:46:51', 'machine');
INSERT INTO `record` VALUES (71, 2, 11, 1, 1, 1, 12, '1011112111111', '2230032221210', '11111111111111100000000100011000100000000111001000000001100001100000111010001000000111000000000011100000010001011100000110000110000000010011100000000100011000100000000111111111111111', 'B', '2023-08-31 11:07:27', 'machine');
INSERT INTO `record` VALUES (72, 2, 11, 1, 1, 1, 12, '10000010000012222112221000000033332222223322222', '22222222223000300010000122222222223000300010000', '11111111111111100000001000011000000011000110000010100001100000000110011010000001000110000100100001100010000001011001100000000110000101000001100011000000011000010000000111111111111111', 'A', '2023-08-31 11:19:27', 'machine');
INSERT INTO `record` VALUES (73, 2, 11, 1, 1, 1, 12, '111', '222', '11111111111111110000001000011000010000000110000100000101100011000000011101000000000110000011000001100000000010111000000011000110100000100001100000001000011000010000001111111111111111', 'A', '2023-09-02 09:39:51', 'machine');
INSERT INTO `record` VALUES (74, 2, 11, 1, 1, 1, 12, '111', '230', '11111111111111100000000000011000000100100110000000010011101100000101011110000000000110000000000001100000000001111010100000110111001000000001100100100000011000000000000111111111111111', 'A', '2023-09-02 09:40:12', 'machine');
INSERT INTO `record` VALUES (75, 2, 11, 1, 1, 1, 12, '111', '222', '11111111111111101000000100011000010100000110000001000101100001010000011010010000000110000000000001100000001001011000001010000110100010000001100000101000011000100000010111111111111111', 'A', '2023-09-02 10:56:13', 'machine');
INSERT INTO `record` VALUES (76, 2, 11, 1, 1, 1, 12, '11000000011212222111033000003333322232', '22222223000030001122222223000032222210', '11111111111111110001100000011110000010000111000000000101100000000000011000000001000110000100100001100010000000011000000000000110100000000011100001000001111000000110001111111111111111', 'B', '2023-09-02 10:56:42', 'machine');
INSERT INTO `record` VALUES (77, 2, 11, 1, 2, 1, 12, '', '', '11111111111111100000100000011100000100000110000000110011100000000000011100100000000111010000001011100000000100111000000000000111001100000001100000100000111000000100000111111111111111', 'A', '2023-09-02 21:13:56', 'selfTrain');
INSERT INTO `record` VALUES (78, 2, 11, 1, 1, 1, 12, '11000003000112222222111110301003000000', '22300322212122230030300001112230322121', '11111111111111100000000000011111000000000111000001000001100100100000111000010000000110000011000001100000001000011100000100100110000010000011100000000011111000000000000111111111111111', 'A', '2023-09-02 21:14:26', 'machine');
INSERT INTO `record` VALUES (79, 2, 11, 1, 1, 1, 12, '', '', '11111111111111100000010001011001000000000110000000100001100111001000011000001000100110000000000001100100010000011000010011100110000100000001100000000010011010001000000111111111111111', 'A', '2023-09-02 21:17:20', 'machine');
INSERT INTO `record` VALUES (80, 2, 11, 1, 1, 1, 12, '', '', '11111111111111100000000000011000110100000110100011000001110100000000011011000000000110000000000001100000000011011000000000101110000011000101100000101100011000000000000111111111111111', 'A', '2023-09-02 21:23:21', 'machine');
INSERT INTO `record` VALUES (81, 2, 11, 1, 1, 1, 12, '', '', '11111111111111101100100000011000100000000111000000100001100000000001011000000000011111000000000011111000000000011010000000000110000100000011100000000100011000000100110111111111111111', 'A', '2023-09-02 21:28:28', 'machine');
INSERT INTO `record` VALUES (82, 2, 11, 1, 2, 1, 12, '', '', '11111111111111101000000011011000101000000110010000000011100010010000011000000010000110000000000001100001000000011000001001000111000000001001100000010100011011000000010111111111111111', 'B', '2023-09-02 21:30:33', 'selfTrain');
INSERT INTO `record` VALUES (83, 2, 11, 1, 1, 1, 12, '11111111111000333', '32303223221101100', '11111111111111100000000000011000001010001110010000001101100000010100011000000100000110000100100001100000100000011000101000000110110000001001110001010000011000000000000111111111111111', 'B', '2023-09-02 21:31:03', 'machine');
INSERT INTO `record` VALUES (84, 2, 11, 1, 1, 1, 12, '', '', '11111111111111100000100000011000100000000110010000010001101000001000011100001001010110000000000001101010010000111000010000010110001000001001100000000100011000000100000111111111111111', 'A', '2023-09-02 21:34:28', 'machine');
INSERT INTO `record` VALUES (85, 2, 11, 1, 1, 1, 12, '', '', '11111111111111110000000000011000001001001110000010000111100000100000011000010001000110000000000001100010001000011000000100000111100001000001110010010000011000000000001111111111111111', 'A', '2023-09-02 21:38:38', 'machine');
INSERT INTO `record` VALUES (86, 2, 11, 1, 1, 1, 12, '', '', '11111111111111101000101110011010001010001110000000001001100000000000011000000000000110000000000001100000000000011000000000000110010000000001110001010001011001110100010111111111111111', 'A', '2023-09-02 21:59:09', 'machine');
INSERT INTO `record` VALUES (87, 2, 11, 1, 1, 1, 12, '111111', '222222', '11111111111111101000100000011000001000100110000010000001100101100100011000000001000110000000000001100010000000011000100110100110000001000001100100010000011000000100010111111111111111', 'A', '2023-09-02 21:59:38', 'machine');
INSERT INTO `record` VALUES (88, 2, 11, 1, 1, 1, 12, '000000011112', '222222222230', '11111111111111100000001001011000000001100110010001000001100000001000011001010100000110000000000001100000101010011000010000000110000010001001100110000000011010010000000111111111111111', 'A', '2023-09-03 12:37:14', 'machine');
INSERT INTO `record` VALUES (89, 4, 11, 1, 1, 1, 12, '100111110000033301111', '322122222300300001010', '11111111111111101000010010011100000000001111000000000001100000000000011000000011010110001000010001101011000000011000000000000110000000000011110000000000111001001000010111111111111111', 'B', '2023-09-03 13:09:05', 'machine');
INSERT INTO `record` VALUES (90, 6, 11, 1, 7, 1, 12, '', '', '11111111111111111000000000011000000010000110000000000001100000000001011000000111110110100000000101101111100000011010000000000110000000000001100001000000011000000000011111111111111111', 'all', '2023-09-03 13:22:18', 'match');
INSERT INTO `record` VALUES (91, 6, 11, 1, 4, 1, 12, '', '', '11111111111111100000000000011001000100000111001000000001100100110100011000100010000110000000000001100001000100011000101100100110000000010011100000100010011000000000000111111111111111', 'A', '2023-09-03 13:28:15', 'match');
INSERT INTO `record` VALUES (92, 4, 11, 1, 8, 1, 12, '1', '0', '11111111111111101000001000011000000000100110100010000001100000000100011010100100010110000000000001101000100101011000100000000110000001000101100100000000011000010000010111111111111111', 'B', '2023-09-03 13:28:46', 'match');
INSERT INTO `record` VALUES (93, 8, 11, 1, 1, 1, 12, '11', '32', '11111111111111100000001010011000001010001110000000000001100010000000011000010100000110100100100101100000101000011000000001000110000000000001110001010000011001010000000111111111111111', 'A', '2023-09-03 13:29:24', 'machine');
INSERT INTO `record` VALUES (94, 3, 11, 1, 4, 1, 12, '', '', '11111111111111100000010100011100001110000110000000000001100001000001011000000001000111000000000011100010000000011010000010000110000000000001100001110000111000101000000111111111111111', 'all', '2023-09-03 13:31:37', 'match');
INSERT INTO `record` VALUES (95, 4, 11, 1, 3, 1, 12, '', '', '11111111111111110001000000011000000010010110000000000001100000011000011010101000000110000011000001100000010101011000011000000110000000000001101001000000011000000010001111111111111111', 'B', '2023-09-03 13:32:40', 'match');
INSERT INTO `record` VALUES (96, 3, 11, 1, 7, 1, 12, '0', '1', '11111111111111100000000000011100000001000110000000000001111110000001011010000100000110010000001001100000100001011010000001111110000000000001100010000000111000000000000111111111111111', 'B', '2023-09-03 13:34:04', 'match');
INSERT INTO `record` VALUES (97, 7, 11, 1, 3, 1, 12, '0', '0', '11111111111111100010100011011000000000100111000000000101100000000000011000100001000110100000000101100010000100011000000000000110100000000011100100000000011011000101000111111111111111', 'B', '2023-09-03 13:34:43', 'match');
INSERT INTO `record` VALUES (98, 3, 11, 1, 7, 1, 12, '10100030300001011112', '23322123300033333222', '11111111111111110000010000011000000000000110000010000101100001110000111001000000000110000011000001100000000010011100001110000110100001000001100000000000011000001000001111111111111111', 'A', '2023-09-03 13:35:19', 'match');
INSERT INTO `record` VALUES (99, 3, 11, 1, 7, 1, 12, '1011110011111103', '2333332323211231', '11111111111111100101000100011010010000000110000000000101100000000000011000000000101111100000000111110100000000011000000000000110100000000001100000001001011000100010100111111111111111', 'B', '2023-09-03 13:35:49', 'match');
INSERT INTO `record` VALUES (100, 7, 11, 1, 1, 1, 12, '01030111111100', '22222300000120', '11111111111111100000111010011000000001000110100110000001110000000000011100000000000110000000000001100000000000111000000000001110000001100101100010000000011001011100000111111111111111', 'B', '2023-09-03 13:38:57', 'machine');
INSERT INTO `record` VALUES (101, 7, 11, 1, 1, 1, 12, '0000000000', '2222222223', '11111111111111110000000000011000010000100110000100000001100010010000011001000100000110101000010101100000100010011000001001000110000000100001100100001000011000000000001111111111111111', 'A', '2023-09-03 13:41:44', 'machine');
INSERT INTO `record` VALUES (102, 7, 11, 1, 1, 1, 12, '00011003301110112233232112323330000110', '22222222230300000110003230322222210000', '11111111111111110000001000011000001000000110000010001101101000010000011000010000010110000000000001101000001000011000001000010110110001000001100000010000011000010000001111111111111111', 'B', '2023-09-03 13:42:16', 'machine');
INSERT INTO `record` VALUES (103, 9, 11, 1, 3, 1, 12, '', '', '11111111111111100100000001011000000000010110000000000001101001000001011000000110001110000100100001110001100000011010000010010110000000000001101000000000011010000000100111111111111111', 'A', '2023-09-03 13:47:22', 'match');
INSERT INTO `record` VALUES (104, 9, 11, 1, 3, 1, 12, '2', '0', '11111111111111111000000000011001000000000110000000000001101000010010011000101000100110010000001001100100010100011001001000010110000000000001100000000010011000000000011111111111111111', 'all', '2023-09-03 13:48:07', 'match');
INSERT INTO `record` VALUES (105, 9, 11, 1, 3, 1, 12, '2', '0', '11111111111111100010001100011000100000000110000100000001111001000000011000000000000111000011000011100000000000011000000010011110000000100001100000000100011000110001000111111111111111', 'all', '2023-09-03 13:48:32', 'match');
INSERT INTO `record` VALUES (106, 3, 11, 1, 9, 1, 12, '110100003001000322322322222211100300101003032221', '323223223330301001121221222222333303000100000033', '11111111111111100000001000011010010000000111000101000101100000000000011000100000010110100000000101101000000100011000000000000110100010100011100000001001011000010000000111111111111111', 'A', '2023-09-03 13:49:25', 'match');
INSERT INTO `record` VALUES (107, 4, 11, 1, 9, 1, 12, '', '', '11111111111111100000000000011000100000100110000000000001100000111100111000100000010110000011000001101000000100011100111100000110000000000001100100000100011000000000000111111111111111', 'all', '2023-09-03 14:26:10', 'match');
INSERT INTO `record` VALUES (108, 4, 11, 1, 9, 1, 12, '', '', '11111111111111100000000010011000001101100110001010000001100000001000011011000000000110000000000001100000000011011000010000000110000001010001100110110000011001000000000111111111111111', 'all', '2023-09-03 14:30:33', 'match');
INSERT INTO `record` VALUES (109, 4, 11, 1, 9, 1, 12, '0000000001111222330303', '2222222333300333333322', '11111111111111100000000000011000001010010110010001000001100000011010011010000000100110000000000001100100000001011001011000000110000010001001101001010000011000000000000111111111111111', 'A', '2023-09-03 14:32:15', 'match');
INSERT INTO `record` VALUES (110, 4, 11, 1, 9, 1, 12, '0000110111222111111000000033333', '2222333223300330032232223222111', '11111111111111100010001000011001000000000110000000001001101000100100011010000010000110100000000101100001000001011000100100010110010000000001100000000010011000010001000111111111111111', 'B', '2023-09-03 14:32:54', 'match');
INSERT INTO `record` VALUES (111, 4, 11, 1, 9, 1, 12, '0', '0', '11111111111111100001000010011000000000000110000000100001100001000100011100001011000110000100100001100011010000111000100010000110000100000001100000000000011001000010000111111111111111', 'B', '2023-09-03 14:33:13', 'match');
INSERT INTO `record` VALUES (112, 9, 11, 1, 4, 1, 12, '0', '0', '11111111111111100100010000011000000000010110000100000001100000000001111001000100010110000100100001101000100010011110000000000110000000100001101000000000011000001000100111111111111111', 'B', '2023-09-03 14:33:22', 'match');
INSERT INTO `record` VALUES (113, 9, 11, 1, 4, 1, 12, '2', '0', '11111111111111100010000110011001010000100110010001000001101000000000011010000000000110000000000001100000000001011000000000010110000010001001100100001010011001100001000111111111111111', 'all', '2023-09-03 14:33:32', 'match');
INSERT INTO `record` VALUES (114, 9, 11, 1, 4, 1, 12, '0', '0', '11111111111111101000000000011111001000010110100001000001100010000000011000000010000110000000000001100001000000011000000001000110000010000101101000010011111000000000010111111111111111', 'B', '2023-09-03 14:33:47', 'match');
INSERT INTO `record` VALUES (115, 4, 11, 1, 9, 1, 12, '0000111111100111000333223300', '2333332232230330303001112321', '11111111111111100001010000011000010000000110001100000001110000000100011010000000000111001000010011100000000001011000100000001110000000110001100000001000011000001010000111111111111111', 'B', '2023-09-03 14:34:18', 'match');
INSERT INTO `record` VALUES (116, 4, 11, 1, 9, 1, 12, '', '', '11111111111111110000001000011001000000000110000100111001100000000000011000000010000110100011000101100001000000011000000000000110011100100001100000000010011000010000001111111111111111', 'all', '2023-09-03 14:42:43', 'match');
INSERT INTO `record` VALUES (117, 4, 11, 1, 9, 1, 12, '1100011111100', '3322233322211', '11111111111111100010010000011001100000011110000001100001100000000000011000000000001110010000001001110000000000011000000000000110000110000001111000000110011000001001000111111111111111', 'B', '2023-09-03 14:43:01', 'match');
INSERT INTO `record` VALUES (118, 4, 11, 1, 9, 1, 12, '00000100012211', '22223333330322', '11111111111111100010000010011110001000010110000001000001100000000100011100000000000110010000001001100000000000111000100000000110000010000001101000010001111001000001000111111111111111', 'A', '2023-09-03 14:44:08', 'match');
INSERT INTO `record` VALUES (119, 4, 11, 1, 9, 1, 12, '0', '0', '11111111111111100000000001011000000000000110100000010001101101110000011010001000000110000000000001100000010001011000001110110110001000000101100000000000011010000000000111111111111111', 'B', '2023-09-03 14:44:39', 'match');

-- ----------------------------
-- Table structure for remark
-- ----------------------------
DROP TABLE IF EXISTS `remark`;
CREATE TABLE `remark`  (
  `id` int(11) NOT NULL AUTO_INCREMENT,
  `user_id` int(11) NULL DEFAULT NULL,
  `remark` varchar(255) CHARACTER SET utf8 COLLATE utf8_general_ci NULL DEFAULT NULL,
  `parent_id` int(11) NULL DEFAULT NULL,
  `create_time` datetime NULL DEFAULT NULL,
  PRIMARY KEY (`id`) USING BTREE
) ENGINE = InnoDB AUTO_INCREMENT = 6 CHARACTER SET = utf8 COLLATE = utf8_general_ci ROW_FORMAT = Dynamic;

-- ----------------------------
-- Records of remark
-- ----------------------------
INSERT INTO `remark` VALUES (1, 2, '1111', NULL, '2023-08-28 22:21:33');
INSERT INTO `remark` VALUES (2, 2, '2222', NULL, '2023-08-28 22:39:27');
INSERT INTO `remark` VALUES (3, 2, '111', NULL, '2023-08-29 09:50:17');
INSERT INTO `remark` VALUES (4, 1, '11121', NULL, '2023-08-29 09:51:03');
INSERT INTO `remark` VALUES (5, 7, '111', NULL, '2023-09-03 13:46:17');

-- ----------------------------
-- Table structure for remark_like
-- ----------------------------
DROP TABLE IF EXISTS `remark_like`;
CREATE TABLE `remark_like`  (
  `id` int(11) NOT NULL AUTO_INCREMENT,
  `remark_id` int(11) NULL DEFAULT NULL,
  `like_user_id` int(11) NULL DEFAULT NULL,
  PRIMARY KEY (`id`) USING BTREE
) ENGINE = InnoDB AUTO_INCREMENT = 6 CHARACTER SET = utf8 COLLATE = utf8_general_ci ROW_FORMAT = Dynamic;

-- ----------------------------
-- Records of remark_like
-- ----------------------------
INSERT INTO `remark_like` VALUES (2, 1, 2);
INSERT INTO `remark_like` VALUES (3, 5, 7);
INSERT INTO `remark_like` VALUES (4, 4, 7);
INSERT INTO `remark_like` VALUES (5, 1, 7);

-- ----------------------------
-- Table structure for user
-- ----------------------------
DROP TABLE IF EXISTS `user`;
CREATE TABLE `user`  (
  `id` int(11) NOT NULL AUTO_INCREMENT,
  `username` varchar(255) CHARACTER SET utf8 COLLATE utf8_general_ci NULL DEFAULT NULL,
  `name` varchar(255) CHARACTER SET utf8 COLLATE utf8_general_ci NULL DEFAULT NULL,
  `password` varchar(255) CHARACTER SET utf8 COLLATE utf8_general_ci NULL DEFAULT NULL,
  `phone` varchar(255) CHARACTER SET utf8 COLLATE utf8_general_ci NULL DEFAULT NULL,
  `email` varchar(255) CHARACTER SET utf8 COLLATE utf8_general_ci NULL DEFAULT NULL,
  `avatar` varchar(255) CHARACTER SET utf8 COLLATE utf8_general_ci NULL DEFAULT NULL,
  `rating` varchar(255) CHARACTER SET utf8 COLLATE utf8_general_ci NULL DEFAULT NULL,
  `open_id` int(11) NULL DEFAULT NULL,
  `create_time` datetime NULL DEFAULT NULL,
  PRIMARY KEY (`id`) USING BTREE
) ENGINE = InnoDB AUTO_INCREMENT = 10 CHARACTER SET = utf8 COLLATE = utf8_general_ci ROW_FORMAT = Dynamic;

-- ----------------------------
-- Records of user
-- ----------------------------
INSERT INTO `user` VALUES (1, 'machine', '人机', '$2a$10$GiTUf.zV.dmwn494TvV3.uqGbQwqpesEfEpft2tQ7BBhm9.tCeic2', NULL, '2459405142@qq.com', NULL, '1503', NULL, '2023-07-31 17:08:01');
INSERT INTO `user` VALUES (2, 'wpx', 'wp', '$2a$10$qGfcgxXmYT.g7uOOznemFevBV8mOVY9HjtD44R1.J.EyNTW9HYnwC', NULL, '', NULL, '1503', NULL, '2023-08-28 22:00:47');
INSERT INTO `user` VALUES (3, 'xl', '匿名用户', '$2a$10$wmMXmph9aaHYhac.blHODuvlgJ0MQhTNGbxhvNDBqXdJ/B7LXBo6m', NULL, NULL, NULL, '1507', NULL, '2023-08-29 13:10:49');
INSERT INTO `user` VALUES (4, 'wl', '匿名用户', '$2a$10$5R0iO5B4VUCJYPf4D9raf./Ekrd5nBmmlm1C97NANzA4BwrMMWaBe', NULL, NULL, NULL, '1532', NULL, '2023-09-03 12:50:18');
INSERT INTO `user` VALUES (5, 'admin', '匿名用户', '$2a$10$CHsT17J9Gwf7QKQHXV9Pw.2jfB090TkwmbPAvlZAD8mhXspZMMtTe', NULL, NULL, NULL, '1500', NULL, '2023-09-03 13:19:50');
INSERT INTO `user` VALUES (6, 'earthy', '匿名用户', '$2a$10$eOpHORfu0MV9bH9F63GBT.DtpM3iibax2Y4lrljy6zcFkO/JonN7u', NULL, NULL, NULL, '1498', NULL, '2023-09-03 13:20:17');
INSERT INTO `user` VALUES (7, 'zinc', '匿名用户', '$2a$10$vIDG/ti2Mp3YbpolHMNrE.vxIFLE4R9p8t/LjO9aAWdjFkAS61l32', NULL, NULL, NULL, '1506', NULL, '2023-09-03 13:21:16');
INSERT INTO `user` VALUES (8, 'xl123', '匿名用户', '$2a$10$zqnaoUDTVSRfCGgYnt.Dr.kCnvj/wX1CfEkJjxvPOT2xe31stwa.m', NULL, NULL, NULL, '1498', NULL, '2023-09-03 13:27:55');
INSERT INTO `user` VALUES (9, 'lhj', '匿名用户', '$2a$10$6H.IEKnqDG5Kg6yuK2V0seojic.M3nv.D1dvZWZtNyvuE.9Qk2xsy', NULL, NULL, NULL, '1513', NULL, '2023-09-03 13:46:43');

SET FOREIGN_KEY_CHECKS = 1;
