/*
 Navicat Premium Data Transfer

 Source Server         : aliyun
 Source Server Type    : MySQL
 Source Server Version : 80025
 Source Host           : rm-bp1035514z9uq43q46o.mysql.rds.aliyuncs.com:3306
 Source Schema         : kob

 Target Server Type    : MySQL
 Target Server Version : 80025
 File Encoding         : 65001

 Date: 08/12/2023 16:28:34
*/

SET NAMES utf8mb4;
SET FOREIGN_KEY_CHECKS = 0;

-- ----------------------------
-- Table structure for bot
-- ----------------------------
DROP TABLE IF EXISTS `bot`;
CREATE TABLE `bot`  (
  `id` int NOT NULL AUTO_INCREMENT,
  `user_id` int NULL DEFAULT NULL,
  `title` varchar(255) CHARACTER SET utf8 COLLATE utf8_general_ci NULL DEFAULT NULL,
  `description` varchar(255) CHARACTER SET utf8 COLLATE utf8_general_ci NULL DEFAULT NULL,
  `content` text CHARACTER SET utf8 COLLATE utf8_general_ci NULL,
  `create_time` datetime NULL DEFAULT NULL,
  `modify_time` datetime NULL DEFAULT NULL,
  PRIMARY KEY (`id`) USING BTREE
) ENGINE = InnoDB AUTO_INCREMENT = 5 CHARACTER SET = utf8 COLLATE = utf8_general_ci ROW_FORMAT = DYNAMIC;

-- ----------------------------
-- Records of bot
-- ----------------------------
INSERT INTO `bot` VALUES (1, 1, '111', '111', 'package com.kob.botrunningsystem.utils;\r\n\r\nimport java.io.File;\r\nimport java.io.FileNotFoundException;\r\nimport java.util.ArrayList;\r\nimport java.util.List;\r\nimport java.util.Scanner;\r\n\r\npublic class Bot implements java.util.function.Supplier<Integer> {\r\n    private boolean check_tail_increasing(int step) { // 检验当前回合，蛇的长度是否增加\r\n        if (step <= 10)\r\n            return true;\r\n        return step % 3 == 1;\r\n    }\r\n\r\n    public List<Cell> getCells(int sx, int sy, String steps) {\r\n        steps = steps.substring(1, steps.length() - 1);\r\n        List<Cell> res = new ArrayList<>();\r\n\r\n        int[] dx = {-1, 0, 1, 0}, dy = {0, 1, 0, -1};\r\n        int x = sx, y = sy;\r\n        int step = 0;\r\n        res.add(new Cell(x, y));\r\n        for (int i = 0; i < steps.length(); i++) {\r\n            int d = steps.charAt(i) - \'0\';\r\n            x += dx[d];\r\n            y += dy[d];\r\n            res.add(new Cell(x, y));\r\n            if (!check_tail_increasing(++step)) {\r\n                res.remove(0);\r\n            }\r\n        }\r\n        return res;\r\n    }\r\n\r\n    public Integer nextMove(String input) {\r\n        String[] strs = input.split(\"#\");\r\n        int[][] g = new int[13][14];\r\n        for (int i = 0, k = 0; i < 13; i++) {\r\n            for (int j = 0; j < 14; j++, k++) {\r\n                if (strs[0].charAt(k) == \'1\') {\r\n                    g[i][j] = 1;\r\n                }\r\n            }\r\n        }\r\n\r\n        int aSx = Integer.parseInt(strs[1]), aSy = Integer.parseInt(strs[2]);\r\n        int bSx = Integer.parseInt(strs[4]), bSy = Integer.parseInt(strs[5]);\r\n\r\n        List<Cell> aCells = getCells(aSx, aSy, strs[3]);\r\n        List<Cell> bCells = getCells(bSx, bSy, strs[6]);\r\n\r\n        for (Cell c : aCells)\r\n            g[c.x][c.y] = 1;\r\n        for (Cell c : bCells)\r\n            g[c.x][c.y] = 1;\r\n\r\n        int[] dx = {-1, 0, 1, 0}, dy = {0, 1, 0, -1};\r\n        for (int i = 0; i < 4; i++) {\r\n            int x = aCells.get(aCells.size() - 1).x + dx[i];\r\n            int y = aCells.get(aCells.size() - 1).y + dy[i];\r\n            if (x >= 0 && x < 13 && y >= 0 && y < 14 && g[x][y] == 0) {\r\n                return i;\r\n            }\r\n        }\r\n\r\n        return 0;\r\n    }\r\n\r\n    @Override\r\n    public Integer get() {\r\n        File file = new File(\"input.txt\");\r\n        try {\r\n            Scanner sc = new Scanner(file);\r\n            return nextMove(sc.next());\r\n        } catch (FileNotFoundException e) {\r\n            throw new RuntimeException(e);\r\n        }\r\n    }\r\n\r\n    static class Cell {\r\n        public int x, y;\r\n\r\n        public Cell(int x, int y) {\r\n            this.x = x;\r\n            this.y = y;\r\n        }\r\n    }\r\n}\r\n', '2023-08-28 22:32:12', '2023-08-28 22:32:16');
INSERT INTO `bot` VALUES (2, 1, '222', '222', 'package com.kob.botrunningsystem.utils;\r\n\r\nimport java.io.File;\r\nimport java.io.FileNotFoundException;\r\nimport java.util.ArrayList;\r\nimport java.util.List;\r\nimport java.util.Scanner;\r\n\r\npublic class Bot implements java.util.function.Supplier<Integer> {\r\n    private boolean check_tail_increasing(int step) { // 检验当前回合，蛇的长度是否增加\r\n        if (step <= 10)\r\n            return true;\r\n        return step % 3 == 1;\r\n    }\r\n\r\n    public List<Cell> getCells(int sx, int sy, String steps) {\r\n        steps = steps.substring(1, steps.length() - 1);\r\n        List<Cell> res = new ArrayList<>();\r\n\r\n        int[] dx = {-1, 0, 1, 0}, dy = {0, 1, 0, -1};\r\n        int x = sx, y = sy;\r\n        int step = 0;\r\n        res.add(new Cell(x, y));\r\n        for (int i = 0; i < steps.length(); i++) {\r\n            int d = steps.charAt(i) - \'0\';\r\n            x += dx[d];\r\n            y += dy[d];\r\n            res.add(new Cell(x, y));\r\n            if (!check_tail_increasing(++step)) {\r\n                res.remove(0);\r\n            }\r\n        }\r\n        return res;\r\n    }\r\n\r\n    public Integer nextMove(String input) {\r\n        String[] strs = input.split(\"#\");\r\n        int[][] g = new int[13][14];\r\n        for (int i = 0, k = 0; i < 13; i++) {\r\n            for (int j = 0; j < 14; j++, k++) {\r\n                if (strs[0].charAt(k) == \'1\') {\r\n                    g[i][j] = 1;\r\n                }\r\n            }\r\n        }\r\n\r\n        int aSx = Integer.parseInt(strs[1]), aSy = Integer.parseInt(strs[2]);\r\n        int bSx = Integer.parseInt(strs[4]), bSy = Integer.parseInt(strs[5]);\r\n\r\n        List<Cell> aCells = getCells(aSx, aSy, strs[3]);\r\n        List<Cell> bCells = getCells(bSx, bSy, strs[6]);\r\n\r\n        for (Cell c : aCells)\r\n            g[c.x][c.y] = 1;\r\n        for (Cell c : bCells)\r\n            g[c.x][c.y] = 1;\r\n\r\n        int[] dx = {-1, 0, 1, 0}, dy = {0, 1, 0, -1};\r\n        for (int i = 0; i < 4; i++) {\r\n            int x = aCells.get(aCells.size() - 1).x + dx[i];\r\n            int y = aCells.get(aCells.size() - 1).y + dy[i];\r\n            if (x >= 0 && x < 13 && y >= 0 && y < 14 && g[x][y] == 0) {\r\n                return i;\r\n            }\r\n        }\r\n\r\n        return 0;\r\n    }\r\n\r\n    @Override\r\n    public Integer get() {\r\n        File file = new File(\"input.txt\");\r\n        try {\r\n            Scanner sc = new Scanner(file);\r\n            return nextMove(sc.next());\r\n        } catch (FileNotFoundException e) {\r\n            throw new RuntimeException(e);\r\n        }\r\n    }\r\n\r\n    static class Cell {\r\n        public int x, y;\r\n\r\n        public Cell(int x, int y) {\r\n            this.x = x;\r\n            this.y = y;\r\n        }\r\n    }\r\n}\r\n', '2023-08-28 22:34:25', '2023-08-28 22:34:25');
INSERT INTO `bot` VALUES (3, 1, '333', '333', 'package com.kob.botrunningsystem.utils;\r\n\r\nimport java.io.File;\r\nimport java.io.FileNotFoundException;\r\nimport java.util.ArrayList;\r\nimport java.util.List;\r\nimport java.util.Scanner;\r\n\r\npublic class Bot implements java.util.function.Supplier<Integer> {\r\n    private boolean check_tail_increasing(int step) { // 检验当前回合，蛇的长度是否增加\r\n        if (step <= 10)\r\n            return true;\r\n        return step % 3 == 1;\r\n    }\r\n\r\n    public List<Cell> getCells(int sx, int sy, String steps) {\r\n        steps = steps.substring(1, steps.length() - 1);\r\n        List<Cell> res = new ArrayList<>();\r\n\r\n        int[] dx = {-1, 0, 1, 0}, dy = {0, 1, 0, -1};\r\n        int x = sx, y = sy;\r\n        int step = 0;\r\n        res.add(new Cell(x, y));\r\n        for (int i = 0; i < steps.length(); i++) {\r\n            int d = steps.charAt(i) - \'0\';\r\n            x += dx[d];\r\n            y += dy[d];\r\n            res.add(new Cell(x, y));\r\n            if (!check_tail_increasing(++step)) {\r\n                res.remove(0);\r\n            }\r\n        }\r\n        return res;\r\n    }\r\n\r\n    public Integer nextMove(String input) {\r\n        String[] strs = input.split(\"#\");\r\n        int[][] g = new int[13][14];\r\n        for (int i = 0, k = 0; i < 13; i++) {\r\n            for (int j = 0; j < 14; j++, k++) {\r\n                if (strs[0].charAt(k) == \'1\') {\r\n                    g[i][j] = 1;\r\n                }\r\n            }\r\n        }\r\n\r\n        int aSx = Integer.parseInt(strs[1]), aSy = Integer.parseInt(strs[2]);\r\n        int bSx = Integer.parseInt(strs[4]), bSy = Integer.parseInt(strs[5]);\r\n\r\n        List<Cell> aCells = getCells(aSx, aSy, strs[3]);\r\n        List<Cell> bCells = getCells(bSx, bSy, strs[6]);\r\n\r\n        for (Cell c : aCells)\r\n            g[c.x][c.y] = 1;\r\n        for (Cell c : bCells)\r\n            g[c.x][c.y] = 1;\r\n\r\n        int[] dx = {-1, 0, 1, 0}, dy = {0, 1, 0, -1};\r\n        for (int i = 0; i < 4; i++) {\r\n            int x = aCells.get(aCells.size() - 1).x + dx[i];\r\n            int y = aCells.get(aCells.size() - 1).y + dy[i];\r\n            if (x >= 0 && x < 13 && y >= 0 && y < 14 && g[x][y] == 0) {\r\n                return i;\r\n            }\r\n        }\r\n\r\n        return 0;\r\n    }\r\n\r\n    @Override\r\n    public Integer get() {\r\n        File file = new File(\"input.txt\");\r\n        try {\r\n            Scanner sc = new Scanner(file);\r\n            return nextMove(sc.next());\r\n        } catch (FileNotFoundException e) {\r\n            throw new RuntimeException(e);\r\n        }\r\n    }\r\n\r\n    static class Cell {\r\n        public int x, y;\r\n\r\n        public Cell(int x, int y) {\r\n            this.x = x;\r\n            this.y = y;\r\n        }\r\n    }\r\n}\r\n', '2023-08-28 22:50:04', '2023-08-28 22:50:04');
INSERT INTO `bot` VALUES (4, 1, ' vb', '发', 'package com.kob.botrunningsystem.utils;\r\n\r\nimport java.io.File;\r\nimport java.io.FileNotFoundException;\r\nimport java.util.ArrayList;\r\nimport java.util.List;\r\nimport java.util.Scanner;\r\n\r\npublic class Bot implements java.util.function.Supplier<Integer> {\r\n    private boolean check_tail_increasing(int step) { // 检验当前回合，蛇的长度是否增加\r\n        if (step <= 10)\r\n            return true;\r\n        return step % 3 == 1;\r\n    }\r\n\r\n    public List<Cell> getCells(int sx, int sy, String steps) {\r\n        steps = steps.substring(1, steps.length() - 1);\r\n        List<Cell> res = new ArrayList<>();\r\n\r\n        int[] dx = {-1, 0, 1, 0}, dy = {0, 1, 0, -1};\r\n        int x = sx, y = sy;\r\n        int step = 0;\r\n        res.add(new Cell(x, y));\r\n        for (int i = 0; i < steps.length(); i++) {\r\n            int d = steps.charAt(i) - \'0\';\r\n            x += dx[d];\r\n            y += dy[d];\r\n            res.add(new Cell(x, y));\r\n            if (!check_tail_increasing(++step)) {\r\n                res.remove(0);\r\n            }\r\n        }\r\n        return res;\r\n    }\r\n\r\n    public Integer nextMove(String input) {\r\n        String[] strs = input.split(\"#\");\r\n        int[][] g = new int[13][14];\r\n        for (int i = 0, k = 0; i < 13; i++) {\r\n            for (int j = 0; j < 14; j++, k++) {\r\n                if (strs[0].charAt(k) == \'1\') {\r\n                    g[i][j] = 1;\r\n                }\r\n            }\r\n        }\r\n\r\n        int aSx = Integer.parseInt(strs[1]), aSy = Integer.parseInt(strs[2]);\r\n        int bSx = Integer.parseInt(strs[4]), bSy = Integer.parseInt(strs[5]);\r\n\r\n        List<Cell> aCells = getCells(aSx, aSy, strs[3]);\r\n        List<Cell> bCells = getCells(bSx, bSy, strs[6]);\r\n\r\n        for (Cell c : aCells)\r\n            g[c.x][c.y] = 1;\r\n        for (Cell c : bCells)\r\n            g[c.x][c.y] = 1;\r\n\r\n        int[] dx = {-1, 0, 1, 0}, dy = {0, 1, 0, -1};\r\n        for (int i = 0; i < 4; i++) {\r\n            int x = aCells.get(aCells.size() - 1).x + dx[i];\r\n            int y = aCells.get(aCells.size() - 1).y + dy[i];\r\n            if (x >= 0 && x < 13 && y >= 0 && y < 14 && g[x][y] == 0) {\r\n                return i;\r\n            }\r\n        }\r\n\r\n        return 0;\r\n    }\r\n\r\n    @Override\r\n    public Integer get() {\r\n        File file = new File(\"input.txt\");\r\n        try {\r\n            Scanner sc = new Scanner(file);\r\n            return nextMove(sc.next());\r\n        } catch (FileNotFoundException e) {\r\n            throw new RuntimeException(e);\r\n        }\r\n    }\r\n\r\n    static class Cell {\r\n        public int x, y;\r\n\r\n        public Cell(int x, int y) {\r\n            this.x = x;\r\n            this.y = y;\r\n        }\r\n    }\r\n}\r\n', NULL, NULL);

-- ----------------------------
-- Table structure for friend
-- ----------------------------
DROP TABLE IF EXISTS `friend`;
CREATE TABLE `friend`  (
  `id` int NOT NULL AUTO_INCREMENT COMMENT '数据库自增ID',
  `username` varchar(255) CHARACTER SET utf8mb4 COLLATE utf8mb4_0900_ai_ci NULL DEFAULT NULL COMMENT '用户ID',
  `user_friend_name` varchar(255) CHARACTER SET utf8mb4 COLLATE utf8mb4_0900_ai_ci NULL DEFAULT NULL COMMENT '用户好友ID',
  `friend_nickname` varchar(255) CHARACTER SET utf8mb4 COLLATE utf8mb4_0900_ai_ci NULL DEFAULT NULL COMMENT '好友昵称',
  `friend_avatar` varchar(255) CHARACTER SET utf8mb4 COLLATE utf8mb4_0900_ai_ci NULL DEFAULT NULL COMMENT '好友头像',
  `create_time` datetime NOT NULL COMMENT '创建时间',
  `update_time` datetime NOT NULL COMMENT '更新时间',
  PRIMARY KEY (`id`) USING BTREE
) ENGINE = InnoDB AUTO_INCREMENT = 1 CHARACTER SET = utf8mb4 COLLATE = utf8mb4_0900_ai_ci COMMENT = '好友表' ROW_FORMAT = Dynamic;

-- ----------------------------
-- Records of friend
-- ----------------------------

-- ----------------------------
-- Table structure for record
-- ----------------------------
DROP TABLE IF EXISTS `record`;
CREATE TABLE `record`  (
  `id` int NOT NULL AUTO_INCREMENT,
  `a_id` int NULL DEFAULT NULL,
  `a_sx` int NULL DEFAULT NULL,
  `a_sy` int NULL DEFAULT NULL,
  `b_id` int NULL DEFAULT NULL,
  `b_sx` int NULL DEFAULT NULL,
  `b_sy` int NULL DEFAULT NULL,
  `a_steps` varchar(255) CHARACTER SET utf8 COLLATE utf8_general_ci NULL DEFAULT NULL,
  `b_steps` varchar(255) CHARACTER SET utf8 COLLATE utf8_general_ci NULL DEFAULT NULL,
  `map` varchar(255) CHARACTER SET utf8 COLLATE utf8_general_ci NULL DEFAULT NULL,
  `loser` varchar(255) CHARACTER SET utf8 COLLATE utf8_general_ci NULL DEFAULT NULL,
  `create_time` datetime NULL DEFAULT NULL,
  `mode` varchar(255) CHARACTER SET utf8 COLLATE utf8_general_ci NULL DEFAULT NULL,
  PRIMARY KEY (`id`) USING BTREE
) ENGINE = InnoDB AUTO_INCREMENT = 238 CHARACTER SET = utf8 COLLATE = utf8_general_ci ROW_FORMAT = DYNAMIC;

-- ----------------------------
-- Records of record
-- ----------------------------
INSERT INTO `record` VALUES (1, 2, 11, 1, 2, 1, 12, '', '', '11111111111111100100000000011111000101000110010000000011101000000000011000010000000110000000000001100000001000011000000000010111000000001001100010100011111000000000100111111111111111', 'B', '2023-08-28 22:15:07', 'selfTrain');
INSERT INTO `record` VALUES (2, 2, 11, 1, 2, 1, 12, '', '', '11111111111111110000000000011000001100000110000100000011100000110000011000001010000110100000000101100001010000011000001100000111000000100001100000110000011000000000001111111111111111', 'B', '2023-08-28 22:18:11', 'selfTrain');
INSERT INTO `record` VALUES (3, 2, 11, 1, 2, 1, 12, '', '', '11111111111111100000000000011010000000000110100110000011100000000000011010001001000110101000010101100010010001011000000000000111000001100101100000000001011000000000000111111111111111', 'B', '2023-08-28 22:27:15', 'selfTrain');
INSERT INTO `record` VALUES (4, 2, 11, 1, 2, 1, 12, '', '', '11111111111111110000000101011000000000000110000010000001100000010000011001100010100110000100100001100101000110011000001000000110000001000001100000000000011010100000001111111111111111', 'B', '2023-08-28 22:37:06', 'selfTrain');
INSERT INTO `record` VALUES (5, 2, 11, 1, 2, 1, 12, '', '', '11111111111111100100001000011100000000000111001001000001100001001000011010000000000110000100100001100000000001011000010010000110000010010011100000000000111000010000100111111111111111', 'B', '2023-08-28 22:37:23', 'selfTrain');
INSERT INTO `record` VALUES (6, 2, 11, 1, 2, 1, 12, '', '', '11111111111111100000101000011000100100000110011000001011100000000000011000001000000110000100100001100000010000011000000000000111010000011001100000100100011000010100000111111111111111', 'B', '2023-08-28 22:50:30', 'selfTrain');
INSERT INTO `record` VALUES (7, 2, 11, 1, 2, 1, 12, '', '', '11111111111111100000000000011000000000000110000101100001110010000101011000000000110110000100100001101100000000011010100001001110000110100001100000000000011000000000000111111111111111', 'B', '2023-08-28 22:50:46', 'selfTrain');
INSERT INTO `record` VALUES (8, 2, 11, 1, 2, 1, 12, '', '', '11111111111111110000010000011001000000000111100000000001100010000001011010000010100110000000000001100101000001011010000001000110000000000111100000000010011000001000001111111111111111', 'all', '2023-08-28 22:51:07', 'selfTrain');
INSERT INTO `record` VALUES (9, 2, 11, 1, 2, 1, 12, '', '', '11111111111111100000000101011000000010000110001010010101100000000001011000010010000110000000000001100001001000011010000000000110101001010001100001000000011010100000000111111111111111', 'all', '2023-08-28 22:51:43', 'selfTrain');
INSERT INTO `record` VALUES (10, 1, 11, 1, 1, 1, 12, '', '', '11111111111111110010000100011000001110000110000001001001100000000000111000000100000110000000000001100000100000011100000000000110010010000001100001110000011000100001001111111111111111', 'B', '2023-08-28 22:54:00', 'selfTrain');
INSERT INTO `record` VALUES (11, 1, 11, 1, 1, 1, 12, '', '', '11111111111111110000000000011010000001000110110010000001100100000000111000000000000110100011000101100000000000011100000000100110000001001101100010000001011000000000001111111111111111', 'B', '2023-08-28 23:19:03', 'selfTrain');
INSERT INTO `record` VALUES (12, 1, 11, 1, 1, 1, 12, '', '', '11111111111111101000000100011000000000001111000000000001100100100000011101000000100110100000000101100100000010111000000100100110000000000011110000000000011000100000010111111111111111', 'all', '2023-08-28 23:28:08', 'selfTrain');
INSERT INTO `record` VALUES (13, 2, 11, 1, 2, 1, 12, '', '', '11111111111111100000000000011000011000100110000100100001100000000000011001000100001111000011000011110000100010011000000000000110000100100001100100011000011000000000000111111111111111', 'B', '2023-08-28 23:38:45', 'selfTrain');
INSERT INTO `record` VALUES (14, 2, 11, 1, 2, 1, 12, '', '', '11111111111111100000000000011000000100011111000000000001110000101000011000000000000111110000001111100000000000011000010100001110000000000011111000100000011000000000000111111111111111', 'all', '2023-08-28 23:40:57', 'selfTrain');
INSERT INTO `record` VALUES (15, 2, 11, 1, 2, 1, 12, '', '', '11111111111111100000000000011110000010000110100000000001110000010000011001001000000111001000010011100000010010011000001000001110000000000101100001000001111000000000000111111111111111', 'B', '2023-08-28 23:41:36', 'selfTrain');
INSERT INTO `record` VALUES (16, 2, 11, 1, 2, 1, 12, '', '', '11111111111111100000100100011000000010000111001000001001110000000000011000000100010111000000000011101000100000011000000000001110010000010011100001000000011000100100000111111111111111', 'all', '2023-08-28 23:42:43', 'selfTrain');
INSERT INTO `record` VALUES (17, 1, 11, 1, 1, 1, 12, '', '', '11111111111111100000000010011000100110000110000010000001100000000010011001000100000110100100100101100000100010011001000000000110000001000001100001100100011001000000000111111111111111', 'B', '2023-08-29 10:34:13', 'selfTrain');
INSERT INTO `record` VALUES (18, 1, 11, 1, 1, 1, 12, '', '', '11111111111111100000010000011010000010000110000000100001100010000110011000000100000111001000010011100000100000011001100001000110000100000001100001000001011000001000000111111111111111', 'B', '2023-08-29 10:46:04', 'machine');
INSERT INTO `record` VALUES (19, 1, 11, 1, 1, 1, 12, '', '', '11111111111111100000000000011000000110000110010000010001101000010100011000100000100110000011000001100100000100011000101000010110001000001001100001100000011000000000000111111111111111', 'B', '2023-08-29 10:46:26', 'machine');
INSERT INTO `record` VALUES (20, 1, 11, 1, 1, 1, 12, '', '', '11111111111111111000010001011000000001000110001000011001100001000001011000000000000110000000000001100000000000011010000010000110011000010001100010000000011010001000011111111111111111', 'B', '2023-08-29 10:46:45', 'machine');
INSERT INTO `record` VALUES (21, 1, 11, 1, 1, 1, 12, '', '', '11111111111111100010000000011000001000010110100000100001100000000010011100000100100110001000010001100100100000111001000000000110000100000101101000010000011000000001000111111111111111', 'all', '2023-08-29 10:47:22', 'machine');
INSERT INTO `record` VALUES (22, 1, 11, 1, 1, 1, 12, '', '', '11111111111111100000010000011000001001000111000000000001100001011001011100000000000110000011000001100000000000111010011010000110000000000011100010010000011000001000000111111111111111', 'B', '2023-08-29 10:47:38', 'machine');
INSERT INTO `record` VALUES (23, 1, 11, 1, 1, 1, 12, '', '', '11111111111111100000000010011000000000010111000000000001101000000000111000001000101110100011000101110100010000011100000000010110000000000011101000000000011001000000000111111111111111', 'B', '2023-08-29 10:49:55', 'machine');
INSERT INTO `record` VALUES (24, 1, 11, 1, 1, 1, 12, '', '', '11111111111111100000100000011100100001010110000000010001100000100000011000001001000110000100100001100010010000011000000100000110001000000001101010000100111000000100000111111111111111', 'B', '2023-08-29 10:50:24', 'machine');
INSERT INTO `record` VALUES (25, 1, 11, 1, 1, 1, 12, '', '', '11111111111111100000000000011000000000001110101100100101100000100100111000010000000110000000000001100000001000011100100100000110100100110101110000000000011000000000000111111111111111', 'B', '2023-08-29 10:56:45', 'machine');
INSERT INTO `record` VALUES (26, 1, 11, 1, 1, 1, 12, '', '', '11111111111111100000000000011000000000000110000000000011100110001010011100000001000110010111101001100010000000111001010001100111000000000001100000000000011000000000000111111111111111', 'B', '2023-08-29 10:57:39', 'machine');
INSERT INTO `record` VALUES (27, 1, 11, 1, 1, 1, 12, '', '', '11111111111111100000000001011010000010000110000100000001110001000000011100000000010110010100101001101000000000111000000010001110000000100001100001000001011010000000000111111111111111', 'B', '2023-08-29 11:01:44', 'machine');
INSERT INTO `record` VALUES (28, 1, 11, 1, 1, 1, 12, '', '', '11111111111111101000010001011000000010000110001100000001100010000100011000100010000110000000000001100001000100011000100001000110000000110001100001000000011010001000010111111111111111', 'B', '2023-08-29 11:02:02', 'machine');
INSERT INTO `record` VALUES (29, 1, 11, 1, 1, 1, 12, '', '', '11111111111111110010000100011001010001000110000000000001100000000000011010000000100110010100101001100100000001011000000000000110000000000001100010001010011000100001001111111111111111', 'B', '2023-08-29 11:10:55', 'machine');
INSERT INTO `record` VALUES (30, 1, 11, 1, 1, 1, 12, '', '', '11111111111111110000000001011000000000100110001000100001100010100010011100000000000110010000001001100000000000111001000101000110000100010001100100000000011010000000001111111111111111', 'all', '2023-08-29 11:15:55', 'machine');
INSERT INTO `record` VALUES (31, 1, 11, 1, 1, 1, 12, '', '', '11111111111111100000000000011000000000000110000100001011100000101001111000000000000110011100111001100000000000011110010100000111010000100001100000000000011000000000000111111111111111', 'B', '2023-08-29 11:49:17', 'machine');
INSERT INTO `record` VALUES (32, 1, 11, 1, 1, 1, 12, '', '', '11111111111111100000000010011010000000000110001000010001100001000001011010100000000110100100100101100000000101011010000010000110001000010001100000000001011001000000000111111111111111', 'B', '2023-08-29 12:14:22', 'machine');
INSERT INTO `record` VALUES (33, 1, 11, 1, 1, 1, 12, '', '', '11111111111111100001000000011000000000000110000000000101100000000010111011000000010110101011010101101000000011011101000000000110100000000001100000000000011000000010000111111111111111', 'all', '2023-08-29 12:15:13', 'machine');
INSERT INTO `record` VALUES (34, 1, 11, 1, 1, 1, 12, '', '', '11111111111111100001000000011100011010010110000000000001100000001001011000000000000110100011000101100000000000011010010000000110000000000001101001011000111000000010000111111111111111', 'all', '2023-08-29 12:16:58', 'machine');
INSERT INTO `record` VALUES (35, 1, 11, 1, 1, 1, 12, '', '', '11111111111111100001000000011010000001000110001000000001100011000010011110001000000110000000000001100000010001111001000011000110000000010001100010000001011000000010000111111111111111', 'all', '2023-08-29 12:31:51', 'machine');
INSERT INTO `record` VALUES (36, 1, 11, 1, 1, 1, 12, '', '', '11111111111111101000100000011000001000000110000000010011100000000000011000001000101110010100101001110100010000011000000000000111001000000001100000010000011000000100010111111111111111', 'all', '2023-08-29 12:36:11', 'machine');
INSERT INTO `record` VALUES (37, 1, 11, 1, 1, 1, 12, '', '', '11111111111111100000001000011000100000001110000000000101100000000000111110000000010110100011000101101000000001111100000000000110100000000001110000000100011000010000000111111111111111', 'all', '2023-08-29 12:39:55', 'machine');
INSERT INTO `record` VALUES (38, 1, 11, 1, 1, 1, 12, '', '', '11111111111111110000010000011011000001010110010000000101100010000000011000000000010110000000000001101000000000011000000001000110100000001001101010000011011000001000001111111111111111', 'all', '2023-08-29 12:46:41', 'machine');
INSERT INTO `record` VALUES (39, 1, 11, 1, 1, 1, 12, '', '', '11111111111111100100100000011111000000000111000000001001100000010000011000000000010110000100100001101000000000011000001000000110010000000011100000000011111000000100100111111111111111', 'all', '2023-08-29 12:52:52', 'machine');
INSERT INTO `record` VALUES (40, 1, 11, 1, 1, 1, 12, '100301100011', '322122223221', '11111111111111100001000000011000000000001110000000110001110000000100011000000010000110100111100101100001000000011000100000001110001100000001110000000000011000000010000111111111111111', 'A', '2023-08-29 12:53:38', 'machine');
INSERT INTO `record` VALUES (41, 1, 11, 1, 1, 1, 12, '00101111000111', '22222222223000', '11111111111111100000000000011000000100100110010001100001101011000000011000100000000110001000010001100000000100011000000011010110000110001001100100100000011000000000000111111111111111', 'B', '2023-08-29 12:55:46', 'machine');
INSERT INTO `record` VALUES (42, 2, 11, 1, 2, 1, 12, '', '', '11111111111111101100010000011001000010000110000000000001100010100100011000010000000110001000010001100000001000011000100101000110000000000001100001000010011000001000110111111111111111', 'all', '2023-08-29 13:01:57', 'selfTrain');
INSERT INTO `record` VALUES (43, 2, 11, 1, 1, 1, 12, '10000000000121', '22222300000120', '11111111111111100010100000011000000000000110000000110001100000101010011100000010000110000100100001100001000000111001010100000110001100000001100000000000011000000101000111111111111111', 'B', '2023-08-29 13:02:17', 'machine');
INSERT INTO `record` VALUES (44, 2, 11, 1, 1, 1, 12, '110000011112111000', '222222223000003000', '11111111111111100000110100011100000000000110000100000101100100001100011000000001000110000000000001100010000000011000110000100110100000100001100000000000111000101100000111111111111111', 'A', '2023-08-29 13:02:36', 'machine');
INSERT INTO `record` VALUES (45, 1, 11, 1, 1, 1, 12, '000000011112333212', '222222230000030300', '11111111111111100000001010011001000110010111010100000001100000100000011000000000000110000000000001100000000000011000000100000110000000101011101001100010011001010000000111111111111111', 'B', '2023-08-29 13:09:52', 'machine');
INSERT INTO `record` VALUES (46, 3, 11, 1, 1, 1, 12, '0000000011111122232221110001', '2222222222300000300110003230', '11111111111111100000100000011000110000000110000000001101100000000000011000011001010110000100100001101010011000011000000000000110110000000001100000001100011000000100000111111111111111', 'A', '2023-08-29 13:11:17', 'machine');
INSERT INTO `record` VALUES (47, 3, 11, 1, 1, 1, 12, '101100030000100111111222333223221', '322123221232221233300100001000010', '11111111111111100000000000011001000100001111000100000001110011000000011000001000001110000000000001110000010000011000000011001110000000100011110000100010011000000000000111111111111111', 'B', '2023-08-29 13:56:28', 'machine');
INSERT INTO `record` VALUES (48, 3, 11, 1, 1, 1, 12, '', '', '11111111111111100000000000011000000000000110010011010001110110000000011000000000000110011011011001100000000000011000000001101110001011001001100000000000011000000000000111111111111111', 'A', '2023-08-29 13:57:59', 'machine');
INSERT INTO `record` VALUES (49, 2, 11, 1, 1, 1, 12, '00000001111', '22222222220', '11111111111111101001000010011000000010010110000000100001100000001000011000010000100110001000010001100100001000011000010000000110000100000001101001000000011001000010010111111111111111', 'B', '2023-08-29 14:01:01', 'machine');
INSERT INTO `record` VALUES (50, 2, 11, 1, 1, 1, 12, '0', '0', '11111111111111100000100010011000100110000110010000000011100010000100011000000000000110000100100001100000000000011000100001000111000000001001100001100100011001000100000111111111111111', 'B', '2023-08-29 14:01:27', 'match');
INSERT INTO `record` VALUES (51, 2, 11, 1, 1, 1, 12, '101000300001111222223233300030001111122222223233330001221101033030301030101210012221', '223003230322121122123212333330000000122110300121012232222123321123330330003000122100', '11111111111111100100010000011000001000000110000000000001100010000000011001010001001110011000011001110010001010011000000001000110000000000001100000010000011000001000100111111111111111', 'A', '2023-08-29 14:02:57', 'match');
INSERT INTO `record` VALUES (52, 1, 11, 1, 1, 1, 12, '0010301003', '2222300300', '11111111111111101000000010011001100101010110100000100001100000000000011000000000000111000000000011100000000000011000000000000110000100000101101010100110011001000000010111111111111111', 'B', '2023-08-29 14:05:00', 'machine');
INSERT INTO `record` VALUES (53, 1, 11, 1, 1, 1, 12, '010001000003', '230323221100', '11111111111111100100000100011000100000000110100000001011100000001000011000011000000110100000000101100000011000011000010000000111010000000101100000000100011000100000100111111111111111', 'B', '2023-08-29 14:12:48', 'machine');
INSERT INTO `record` VALUES (54, 1, 11, 1, 1, 1, 12, '0000010000300', '2222230030001', '11111111111111101000100000011001000001000110000010000101100000000000011101001000000110001000010001100000010010111000000000000110100001000001100010000010011000000100010111111111111111', 'A', '2023-08-29 14:13:07', 'machine');
INSERT INTO `record` VALUES (55, 1, 11, 1, 1, 1, 12, '010', '222', '11111111111111100110100000011000010010000110000000100001110000010000011001000000100110000000000001100100000010011000001000001110000100000001100001001000011000000101100111111111111111', 'A', '2023-08-29 14:19:31', 'machine');
INSERT INTO `record` VALUES (56, 2, 11, 1, 1, 1, 12, '0011000011222100012212221103', '2223000332212221122223000323', '11111111111111110001000000011000000010100110001001000001100000100000011000000000011110001000010001111000000000011000000100000110000010010001100101000000011000000010001111111111111111', 'A', '2023-08-29 14:19:55', 'machine');
INSERT INTO `record` VALUES (57, 2, 11, 1, 1, 1, 12, '', '', '11111111111111100000000000011000010000000110000100000001100000100000111010001001000111010100101011100010010001011100000100000110000000100001100000001000011000000000000111111111111111', 'B', '2023-08-29 14:53:11', 'machine');
INSERT INTO `record` VALUES (58, 2, 11, 1, 1, 1, 12, '11110', '22220', '11111111111111100000000000011111000000000110000000010101100001000000011000000000010111010100101011101000000000011000000010000110101000000001100000000011111000000000000111111111111111', 'B', '2023-08-29 14:53:27', 'machine');
INSERT INTO `record` VALUES (59, 2, 11, 1, 1, 1, 12, '0100010011112', '2222222222300', '11111111111111100000000010011001010000000110100000000001100000101110011000000000000110100100100101100000000000011001110100000110000000000101100000001010011001000000000111111111111111', 'B', '2023-08-29 14:54:41', 'machine');
INSERT INTO `record` VALUES (60, 2, 11, 1, 1, 1, 12, '10030001212222100', '32212223030000110', '11111111111111100010000000011000010000001110000000000001100001010101011110100000000110000000000001100000000101111010101010000110000000000001110000001000011000000001000111111111111111', 'B', '2023-08-29 15:35:35', 'machine');
INSERT INTO `record` VALUES (61, 2, 11, 1, 1, 1, 12, '110000001112122122233333301', '323032303332221101211000110', '11111111111111100000000000011000001100001111000010010101100010000000011000000100000111000000000011100000100000011000000001000110101001000011110000110000011000000000000111111111111111', 'B', '2023-08-29 15:42:25', 'machine');
INSERT INTO `record` VALUES (62, 2, 11, 1, 1, 1, 12, '0111003330000000122211112', '2222222222300030000100100', '11111111111111100000001001011000000000000110000010001001100000011000011010000001000110001011010001100010000001011000011000000110010001000001100000000000011010010000000111111111111111', 'B', '2023-08-29 15:42:50', 'machine');
INSERT INTO `record` VALUES (63, 2, 11, 1, 1, 1, 12, '011211111033', '222222230000', '11111111111111100100000001011001100000000111010000000001100010000001011000000000100110010000001001100100000000011010000001000110000000001011100000000110011010000000100111111111111111', 'B', '2023-08-29 15:43:08', 'machine');
INSERT INTO `record` VALUES (64, 2, 11, 1, 1, 1, 12, '010301030100030', '222222300000100', '11111111111111100000000001011000000000100110001110000001110000000000011000100000100110010100101001100100000100011000000000001110000001110001100100000000011010000000000111111111111111', 'B', '2023-08-29 15:43:28', 'machine');
INSERT INTO `record` VALUES (65, 2, 11, 1, 1, 1, 12, '011111111123', '222222222300', '11111111111111110000001011011000000000000110010000000101101100000000011000100000000110000011000001100000000100011000000000110110100000001001100000000000011011010000001111111111111111', 'B', '2023-08-29 15:43:44', 'machine');
INSERT INTO `record` VALUES (66, 2, 11, 1, 1, 1, 12, '', '', '11111111111111110100000000011010000000000111000000000011100100001010011000000000100110000100100001100100000000011001010000100111000000000011100000000001011000000000101111111111111111', 'A', '2023-08-29 17:40:36', 'machine');
INSERT INTO `record` VALUES (67, 2, 11, 1, 1, 1, 12, '11110', '32210', '11111111111111101010000000011000000000101110000000000001100000000010111100100001100110000000000001100110000100111101000000000110000000000001110100000000011000000001010111111111111111', 'B', '2023-08-29 17:40:54', 'machine');
INSERT INTO `record` VALUES (68, 2, 11, 1, 1, 1, 12, '', '', '11111111111111100000000010011000010011000110111000000001100000000000011010000001000111000000000011100010000001011000000000000110000000011101100011001000011001000000000111111111111111', 'A', '2023-08-29 17:42:22', 'machine');
INSERT INTO `record` VALUES (69, 2, 11, 1, 1, 1, 12, '0101011110', '2303221210', '11111111111111100000010100011001000000000110010010100011101000000000011000000000001110001000010001110000000000011000000000010111000101001001100000000010011000101000000111111111111111', 'B', '2023-08-29 17:42:38', 'machine');
INSERT INTO `record` VALUES (70, 2, 11, 1, 1, 1, 12, '0100010121', '2223000320', '11111111111111100000100000011100000001000110100010001001100000100100011000000000001110100000000101110000000000011000100100000110010001000101100010000000111000000100000111111111111111', 'B', '2023-08-29 17:46:51', 'machine');
INSERT INTO `record` VALUES (71, 2, 11, 1, 1, 1, 12, '1011112111111', '2230032221210', '11111111111111100000000100011000100000000111001000000001100001100000111010001000000111000000000011100000010001011100000110000110000000010011100000000100011000100000000111111111111111', 'B', '2023-08-31 11:07:27', 'machine');
INSERT INTO `record` VALUES (72, 2, 11, 1, 1, 1, 12, '10000010000012222112221000000033332222223322222', '22222222223000300010000122222222223000300010000', '11111111111111100000001000011000000011000110000010100001100000000110011010000001000110000100100001100010000001011001100000000110000101000001100011000000011000010000000111111111111111', 'A', '2023-08-31 11:19:27', 'machine');
INSERT INTO `record` VALUES (73, 2, 11, 1, 1, 1, 12, '111', '222', '11111111111111110000001000011000010000000110000100000101100011000000011101000000000110000011000001100000000010111000000011000110100000100001100000001000011000010000001111111111111111', 'A', '2023-09-02 09:39:51', 'machine');
INSERT INTO `record` VALUES (74, 2, 11, 1, 1, 1, 12, '111', '230', '11111111111111100000000000011000000100100110000000010011101100000101011110000000000110000000000001100000000001111010100000110111001000000001100100100000011000000000000111111111111111', 'A', '2023-09-02 09:40:12', 'machine');
INSERT INTO `record` VALUES (75, 2, 11, 1, 1, 1, 12, '111', '222', '11111111111111101000000100011000010100000110000001000101100001010000011010010000000110000000000001100000001001011000001010000110100010000001100000101000011000100000010111111111111111', 'A', '2023-09-02 10:56:13', 'machine');
INSERT INTO `record` VALUES (76, 2, 11, 1, 1, 1, 12, '11000000011212222111033000003333322232', '22222223000030001122222223000032222210', '11111111111111110001100000011110000010000111000000000101100000000000011000000001000110000100100001100010000000011000000000000110100000000011100001000001111000000110001111111111111111', 'B', '2023-09-02 10:56:42', 'machine');
INSERT INTO `record` VALUES (77, 2, 11, 1, 2, 1, 12, '', '', '11111111111111100000100000011100000100000110000000110011100000000000011100100000000111010000001011100000000100111000000000000111001100000001100000100000111000000100000111111111111111', 'A', '2023-09-02 21:13:56', 'selfTrain');
INSERT INTO `record` VALUES (78, 2, 11, 1, 1, 1, 12, '11000003000112222222111110301003000000', '22300322212122230030300001112230322121', '11111111111111100000000000011111000000000111000001000001100100100000111000010000000110000011000001100000001000011100000100100110000010000011100000000011111000000000000111111111111111', 'A', '2023-09-02 21:14:26', 'machine');
INSERT INTO `record` VALUES (79, 2, 11, 1, 1, 1, 12, '', '', '11111111111111100000010001011001000000000110000000100001100111001000011000001000100110000000000001100100010000011000010011100110000100000001100000000010011010001000000111111111111111', 'A', '2023-09-02 21:17:20', 'machine');
INSERT INTO `record` VALUES (80, 2, 11, 1, 1, 1, 12, '', '', '11111111111111100000000000011000110100000110100011000001110100000000011011000000000110000000000001100000000011011000000000101110000011000101100000101100011000000000000111111111111111', 'A', '2023-09-02 21:23:21', 'machine');
INSERT INTO `record` VALUES (81, 2, 11, 1, 1, 1, 12, '', '', '11111111111111101100100000011000100000000111000000100001100000000001011000000000011111000000000011111000000000011010000000000110000100000011100000000100011000000100110111111111111111', 'A', '2023-09-02 21:28:28', 'machine');
INSERT INTO `record` VALUES (82, 2, 11, 1, 2, 1, 12, '', '', '11111111111111101000000011011000101000000110010000000011100010010000011000000010000110000000000001100001000000011000001001000111000000001001100000010100011011000000010111111111111111', 'B', '2023-09-02 21:30:33', 'selfTrain');
INSERT INTO `record` VALUES (83, 2, 11, 1, 1, 1, 12, '11111111111000333', '32303223221101100', '11111111111111100000000000011000001010001110010000001101100000010100011000000100000110000100100001100000100000011000101000000110110000001001110001010000011000000000000111111111111111', 'B', '2023-09-02 21:31:03', 'machine');
INSERT INTO `record` VALUES (84, 2, 11, 1, 1, 1, 12, '', '', '11111111111111100000100000011000100000000110010000010001101000001000011100001001010110000000000001101010010000111000010000010110001000001001100000000100011000000100000111111111111111', 'A', '2023-09-02 21:34:28', 'machine');
INSERT INTO `record` VALUES (85, 2, 11, 1, 1, 1, 12, '', '', '11111111111111110000000000011000001001001110000010000111100000100000011000010001000110000000000001100010001000011000000100000111100001000001110010010000011000000000001111111111111111', 'A', '2023-09-02 21:38:38', 'machine');
INSERT INTO `record` VALUES (86, 2, 11, 1, 1, 1, 12, '', '', '11111111111111101000101110011010001010001110000000001001100000000000011000000000000110000000000001100000000000011000000000000110010000000001110001010001011001110100010111111111111111', 'A', '2023-09-02 21:59:09', 'machine');
INSERT INTO `record` VALUES (87, 2, 11, 1, 1, 1, 12, '111111', '222222', '11111111111111101000100000011000001000100110000010000001100101100100011000000001000110000000000001100010000000011000100110100110000001000001100100010000011000000100010111111111111111', 'A', '2023-09-02 21:59:38', 'machine');
INSERT INTO `record` VALUES (88, 2, 11, 1, 1, 1, 12, '000000011112', '222222222230', '11111111111111100000001001011000000001100110010001000001100000001000011001010100000110000000000001100000101010011000010000000110000010001001100110000000011010010000000111111111111111', 'A', '2023-09-03 12:37:14', 'machine');
INSERT INTO `record` VALUES (89, 4, 11, 1, 1, 1, 12, '100111110000033301111', '322122222300300001010', '11111111111111101000010010011100000000001111000000000001100000000000011000000011010110001000010001101011000000011000000000000110000000000011110000000000111001001000010111111111111111', 'B', '2023-09-03 13:09:05', 'machine');
INSERT INTO `record` VALUES (90, 6, 11, 1, 7, 1, 12, '', '', '11111111111111111000000000011000000010000110000000000001100000000001011000000111110110100000000101101111100000011010000000000110000000000001100001000000011000000000011111111111111111', 'all', '2023-09-03 13:22:18', 'match');
INSERT INTO `record` VALUES (91, 6, 11, 1, 4, 1, 12, '', '', '11111111111111100000000000011001000100000111001000000001100100110100011000100010000110000000000001100001000100011000101100100110000000010011100000100010011000000000000111111111111111', 'A', '2023-09-03 13:28:15', 'match');
INSERT INTO `record` VALUES (92, 4, 11, 1, 8, 1, 12, '1', '0', '11111111111111101000001000011000000000100110100010000001100000000100011010100100010110000000000001101000100101011000100000000110000001000101100100000000011000010000010111111111111111', 'B', '2023-09-03 13:28:46', 'match');
INSERT INTO `record` VALUES (93, 8, 11, 1, 1, 1, 12, '11', '32', '11111111111111100000001010011000001010001110000000000001100010000000011000010100000110100100100101100000101000011000000001000110000000000001110001010000011001010000000111111111111111', 'A', '2023-09-03 13:29:24', 'machine');
INSERT INTO `record` VALUES (94, 3, 11, 1, 4, 1, 12, '', '', '11111111111111100000010100011100001110000110000000000001100001000001011000000001000111000000000011100010000000011010000010000110000000000001100001110000111000101000000111111111111111', 'all', '2023-09-03 13:31:37', 'match');
INSERT INTO `record` VALUES (95, 4, 11, 1, 3, 1, 12, '', '', '11111111111111110001000000011000000010010110000000000001100000011000011010101000000110000011000001100000010101011000011000000110000000000001101001000000011000000010001111111111111111', 'B', '2023-09-03 13:32:40', 'match');
INSERT INTO `record` VALUES (96, 3, 11, 1, 7, 1, 12, '0', '1', '11111111111111100000000000011100000001000110000000000001111110000001011010000100000110010000001001100000100001011010000001111110000000000001100010000000111000000000000111111111111111', 'B', '2023-09-03 13:34:04', 'match');
INSERT INTO `record` VALUES (97, 7, 11, 1, 3, 1, 12, '0', '0', '11111111111111100010100011011000000000100111000000000101100000000000011000100001000110100000000101100010000100011000000000000110100000000011100100000000011011000101000111111111111111', 'B', '2023-09-03 13:34:43', 'match');
INSERT INTO `record` VALUES (98, 3, 11, 1, 7, 1, 12, '10100030300001011112', '23322123300033333222', '11111111111111110000010000011000000000000110000010000101100001110000111001000000000110000011000001100000000010011100001110000110100001000001100000000000011000001000001111111111111111', 'A', '2023-09-03 13:35:19', 'match');
INSERT INTO `record` VALUES (99, 3, 11, 1, 7, 1, 12, '1011110011111103', '2333332323211231', '11111111111111100101000100011010010000000110000000000101100000000000011000000000101111100000000111110100000000011000000000000110100000000001100000001001011000100010100111111111111111', 'B', '2023-09-03 13:35:49', 'match');
INSERT INTO `record` VALUES (100, 7, 11, 1, 1, 1, 12, '01030111111100', '22222300000120', '11111111111111100000111010011000000001000110100110000001110000000000011100000000000110000000000001100000000000111000000000001110000001100101100010000000011001011100000111111111111111', 'B', '2023-09-03 13:38:57', 'machine');
INSERT INTO `record` VALUES (101, 7, 11, 1, 1, 1, 12, '0000000000', '2222222223', '11111111111111110000000000011000010000100110000100000001100010010000011001000100000110101000010101100000100010011000001001000110000000100001100100001000011000000000001111111111111111', 'A', '2023-09-03 13:41:44', 'machine');
INSERT INTO `record` VALUES (102, 7, 11, 1, 1, 1, 12, '00011003301110112233232112323330000110', '22222222230300000110003230322222210000', '11111111111111110000001000011000001000000110000010001101101000010000011000010000010110000000000001101000001000011000001000010110110001000001100000010000011000010000001111111111111111', 'B', '2023-09-03 13:42:16', 'machine');
INSERT INTO `record` VALUES (103, 9, 11, 1, 3, 1, 12, '', '', '11111111111111100100000001011000000000010110000000000001101001000001011000000110001110000100100001110001100000011010000010010110000000000001101000000000011010000000100111111111111111', 'A', '2023-09-03 13:47:22', 'match');
INSERT INTO `record` VALUES (104, 9, 11, 1, 3, 1, 12, '2', '0', '11111111111111111000000000011001000000000110000000000001101000010010011000101000100110010000001001100100010100011001001000010110000000000001100000000010011000000000011111111111111111', 'all', '2023-09-03 13:48:07', 'match');
INSERT INTO `record` VALUES (105, 9, 11, 1, 3, 1, 12, '2', '0', '11111111111111100010001100011000100000000110000100000001111001000000011000000000000111000011000011100000000000011000000010011110000000100001100000000100011000110001000111111111111111', 'all', '2023-09-03 13:48:32', 'match');
INSERT INTO `record` VALUES (106, 3, 11, 1, 9, 1, 12, '110100003001000322322322222211100300101003032221', '323223223330301001121221222222333303000100000033', '11111111111111100000001000011010010000000111000101000101100000000000011000100000010110100000000101101000000100011000000000000110100010100011100000001001011000010000000111111111111111', 'A', '2023-09-03 13:49:25', 'match');
INSERT INTO `record` VALUES (107, 4, 11, 1, 9, 1, 12, '', '', '11111111111111100000000000011000100000100110000000000001100000111100111000100000010110000011000001101000000100011100111100000110000000000001100100000100011000000000000111111111111111', 'all', '2023-09-03 14:26:10', 'match');
INSERT INTO `record` VALUES (108, 4, 11, 1, 9, 1, 12, '', '', '11111111111111100000000010011000001101100110001010000001100000001000011011000000000110000000000001100000000011011000010000000110000001010001100110110000011001000000000111111111111111', 'all', '2023-09-03 14:30:33', 'match');
INSERT INTO `record` VALUES (109, 4, 11, 1, 9, 1, 12, '0000000001111222330303', '2222222333300333333322', '11111111111111100000000000011000001010010110010001000001100000011010011010000000100110000000000001100100000001011001011000000110000010001001101001010000011000000000000111111111111111', 'A', '2023-09-03 14:32:15', 'match');
INSERT INTO `record` VALUES (110, 4, 11, 1, 9, 1, 12, '0000110111222111111000000033333', '2222333223300330032232223222111', '11111111111111100010001000011001000000000110000000001001101000100100011010000010000110100000000101100001000001011000100100010110010000000001100000000010011000010001000111111111111111', 'B', '2023-09-03 14:32:54', 'match');
INSERT INTO `record` VALUES (111, 4, 11, 1, 9, 1, 12, '0', '0', '11111111111111100001000010011000000000000110000000100001100001000100011100001011000110000100100001100011010000111000100010000110000100000001100000000000011001000010000111111111111111', 'B', '2023-09-03 14:33:13', 'match');
INSERT INTO `record` VALUES (112, 9, 11, 1, 4, 1, 12, '0', '0', '11111111111111100100010000011000000000010110000100000001100000000001111001000100010110000100100001101000100010011110000000000110000000100001101000000000011000001000100111111111111111', 'B', '2023-09-03 14:33:22', 'match');
INSERT INTO `record` VALUES (113, 9, 11, 1, 4, 1, 12, '2', '0', '11111111111111100010000110011001010000100110010001000001101000000000011010000000000110000000000001100000000001011000000000010110000010001001100100001010011001100001000111111111111111', 'all', '2023-09-03 14:33:32', 'match');
INSERT INTO `record` VALUES (114, 9, 11, 1, 4, 1, 12, '0', '0', '11111111111111101000000000011111001000010110100001000001100010000000011000000010000110000000000001100001000000011000000001000110000010000101101000010011111000000000010111111111111111', 'B', '2023-09-03 14:33:47', 'match');
INSERT INTO `record` VALUES (115, 4, 11, 1, 9, 1, 12, '0000111111100111000333223300', '2333332232230330303001112321', '11111111111111100001010000011000010000000110001100000001110000000100011010000000000111001000010011100000000001011000100000001110000000110001100000001000011000001010000111111111111111', 'B', '2023-09-03 14:34:18', 'match');
INSERT INTO `record` VALUES (116, 4, 11, 1, 9, 1, 12, '', '', '11111111111111110000001000011001000000000110000100111001100000000000011000000010000110100011000101100001000000011000000000000110011100100001100000000010011000010000001111111111111111', 'all', '2023-09-03 14:42:43', 'match');
INSERT INTO `record` VALUES (117, 4, 11, 1, 9, 1, 12, '1100011111100', '3322233322211', '11111111111111100010010000011001100000011110000001100001100000000000011000000000001110010000001001110000000000011000000000000110000110000001111000000110011000001001000111111111111111', 'B', '2023-09-03 14:43:01', 'match');
INSERT INTO `record` VALUES (118, 4, 11, 1, 9, 1, 12, '00000100012211', '22223333330322', '11111111111111100010000010011110001000010110000001000001100000000100011100000000000110010000001001100000000000111000100000000110000010000001101000010001111001000001000111111111111111', 'A', '2023-09-03 14:44:08', 'match');
INSERT INTO `record` VALUES (119, 4, 11, 1, 9, 1, 12, '0', '0', '11111111111111100000000001011000000000000110100000010001101101110000011010001000000110000000000001100000010001011000001110110110001000000101100000000000011010000000000111111111111111', 'B', '2023-09-03 14:44:39', 'match');
INSERT INTO `record` VALUES (120, 4, 11, 1, 1, 1, 12, '10100301010301121123', '22223000032222212210', '11111111111111100001000000011000100000000111010101000001100000100000011100000010000111000000000011100001000000111000000100000110000010101011100000000100011000000010000111111111111111', 'B', '2023-09-06 10:57:02', 'machine');
INSERT INTO `record` VALUES (121, 4, 11, 1, 1, 1, 12, '1011', '2300', '11111111111111100010000110011000100000000110101000000011100010000000011000010000000110100000000101100000001000011000000001000111000000010101100000000100011001100001000111111111111111', 'B', '2023-09-06 18:32:18', 'machine');
INSERT INTO `record` VALUES (122, 4, 11, 1, 1, 1, 12, '11111111103000000300011', '22300332212121222222300', '11111111111111100000000000011000001000100110100001000001100000010000111000000110100110000011000001100101100000011100001000000110000010000101100100010000011000000000000111111111111111', 'B', '2023-09-06 18:32:42', 'machine');
INSERT INTO `record` VALUES (123, 4, 11, 1, 1, 1, 12, '', '', '11111111111111100101000010011000100000000111000000000001100000001000011001010000010111000000000011101000001010011000010000000110000000000011100000000100011001000010100111111111111111', 'A', '2023-09-07 10:49:03', 'machine');
INSERT INTO `record` VALUES (124, 4, 11, 1, 1, 1, 12, '', '', '11111111111111100000001000011001000000000110000000010001100000100010011001000101100111000000000011100110100010011001000100000110001000000001100000000010011000010000000111111111111111', 'A', '2023-09-07 10:49:17', 'machine');
INSERT INTO `record` VALUES (125, 4, 11, 1, 1, 1, 12, '', '', '11111111111111100000001000011000010000000110000000010011100001000100011001001001010110000000000001101010010010011000100010000111001000000001100000001000011000010000000111111111111111', 'A', '2023-09-07 10:49:36', 'machine');
INSERT INTO `record` VALUES (126, 4, 11, 1, 1, 1, 12, '10101', '22220', '11111111111111100000010000011000000010000111000001000101110000000010011000000000010111001000010011101000000000011001000000001110100010000011100001000000011000001000000111111111111111', 'B', '2023-09-07 10:50:09', 'machine');
INSERT INTO `record` VALUES (127, 4, 11, 1, 1, 1, 12, '', '', '11111111111111100000000000011100100100000110100100100001100000000010011001000100100110000000000001100100100010011001000000000110000100100101100000100100111000000000000111111111111111', 'A', '2023-09-07 10:53:20', 'machine');
INSERT INTO `record` VALUES (128, 4, 11, 1, 1, 1, 12, '00011', '22222', '11111111111111100001000100011000000010010110010000001001100010000000011000001110000110000000000001100001110000011000000001000110010000001001101001000000011000100010000111111111111111', 'A', '2023-09-07 10:54:03', 'machine');
INSERT INTO `record` VALUES (129, 4, 11, 1, 1, 1, 12, '101111000011100033333', '322122222300003000110', '11111111111111100000000100011000000000001111000000000001100101100000011000110010000110010000001001100001001100011000000110100110000000000011110000000000011000100000000111111111111111', 'B', '2023-09-07 10:56:04', 'machine');
INSERT INTO `record` VALUES (130, 4, 11, 1, 1, 1, 12, '', '', '11111111111111100000000000011000011101000110100000000001101100110000011100000000000110000000000001100000000000111000001100110110000000000101100010111000011000000000000111111111111111', 'A', '2023-09-07 10:59:52', 'machine');
INSERT INTO `record` VALUES (131, 5, 11, 1, 1, 1, 12, '', '', '11111111111111100100000100011000000110000110000000010001100101100010011010000000000110000000000001100000000001011001000110100110001000000001100001100000011000100000100111111111111111', 'B', '2023-09-08 10:21:01', 'machine');
INSERT INTO `record` VALUES (132, 5, 11, 1, 1, 1, 12, '', '', '11111111111111110000100000011000000000010110100100000001100010000010011000001000010110001000010001101000010000011001000001000110000000100101101000000000011000000100001111111111111111', 'B', '2023-09-08 10:21:17', 'machine');
INSERT INTO `record` VALUES (133, 5, 11, 1, 1, 1, 12, '', '', '11111111111111100100001100011100010101000110000001000001100000000100011000000000001110000000000001110000000000011000100000000110000010000001100010101000111000110000100111111111111111', 'B', '2023-09-08 10:22:34', 'machine');
INSERT INTO `record` VALUES (134, 5, 11, 1, 1, 1, 12, '', '', '11111111111111100001000110011000100000000110100000000001100010010001111000000001000110000000000001100010000000011110001001000110000000000101100000000100011001100010000111111111111111', 'B', '2023-09-08 10:22:55', 'machine');
INSERT INTO `record` VALUES (135, 5, 11, 1, 1, 1, 12, '0100', '2300', '11111111111111100000000010011000010101000110000000101011100000001000011001000000010110000000000001101000000010011000010000000111010100000001100010101000011001000000000111111111111111', 'B', '2023-09-08 10:26:54', 'machine');
INSERT INTO `record` VALUES (136, 5, 11, 1, 1, 1, 12, '001010110', '222222222', '11111111111111110000001000011000000101000110000001100001101000011000011000000000000110000100100001100000000000011000011000010110000110000001100010100000011000010000001111111111111111', 'A', '2023-09-08 10:27:08', 'machine');
INSERT INTO `record` VALUES (137, 5, 11, 1, 1, 1, 12, '10000', '32210', '11111111111111100000000000011000011000001110010001000001100000010010111000000001000110000100100001100010000000011101001000000110000010001001110000011000011000000000000111111111111111', 'B', '2023-09-08 12:09:16', 'machine');
INSERT INTO `record` VALUES (138, 5, 11, 1, 1, 1, 12, '1030001110103012', '2222230330000111', '11111111111111100100001000011101000000000110000000000001100000010011011110000000000110010000001001100000000001111011001000000110000000000001100000000010111000010000100111111111111111', 'A', '2023-09-08 12:09:57', 'machine');
INSERT INTO `record` VALUES (139, 5, 11, 1, 1, 1, 12, '00111030', '22222320', '11111111111111100011001100011000100100000110000000000001101000000000011101000000010110000000000001101000000010111000000000010110000000000001100000100100011000110011000111111111111111', 'B', '2023-09-08 12:11:03', 'machine');
INSERT INTO `record` VALUES (140, 5, 11, 1, 1, 1, 12, '', '', '11111111111111101100000010011010000000000110000010000011100000000000011001100000000110010100101001100000000110011000000000000111000001000001100000000001011001000000110111111111111111', 'A', '2023-09-08 12:30:00', 'machine');
INSERT INTO `record` VALUES (141, 5, 11, 1, 1, 1, 12, '0122', '2230', '11111111111111100010000010011010000000000110100100001001100000000000111000000101000111000000000011100010100000011100000000000110010000100101100000000001011001000001000111111111111111', 'A', '2023-09-08 12:34:00', 'machine');
INSERT INTO `record` VALUES (142, 5, 11, 1, 1, 1, 12, '2', '2', '11111111111111110001000000011000000000100110000000010101100000100000111000010000000110101000010101100000001000011100000100000110101000000001100100000000011000000010001111111111111111', 'A', '2023-09-08 12:36:35', 'machine');
INSERT INTO `record` VALUES (143, 5, 11, 1, 1, 1, 12, '001001100111112', '222230000332210', '11111111111111110010010000011000010000100110010000000001110000000010011000000000000111000011000011100000000000011001000000001110000000001001100100001000011000001001001111111111111111', 'B', '2023-09-08 12:36:58', 'machine');
INSERT INTO `record` VALUES (144, 5, 11, 1, 1, 1, 12, '001010101112', '222222232210', '11111111111111110010010001011000000000000111010000000001100000010000011010010100000110000000000001100000101001011000001000000110000000001011100000000000011010001001001111111111111111', 'B', '2023-09-08 12:45:48', 'machine');
INSERT INTO `record` VALUES (145, 5, 11, 1, 1, 1, 12, '', '', '11111111111111101001000000011001100001000110000000000001100000100000011000000101000110001011010001100010100000011000000100000110000000000001100010000110011000000010010111111111111111', 'A', '2023-09-08 12:47:37', 'machine');
INSERT INTO `record` VALUES (146, 5, 11, 1, 1, 1, 12, '0101010101000', '2303221212220', '11111111111111100001000100011000000100000110000000000011111000010000011010010000000110001000010001100000001001011000001000011111000000000001100000100000011000100010000111111111111111', 'B', '2023-09-08 12:49:10', 'machine');
INSERT INTO `record` VALUES (147, 5, 11, 1, 1, 1, 12, '00001100112', '22222222220', '11111111111111101000010010011000000100100110001000010001101000000100011000001000000110000000000001100000010000011000100000010110001000010001100100100000011001001000010111111111111111', 'B', '2023-09-08 12:51:10', 'machine');
INSERT INTO `record` VALUES (148, 5, 11, 1, 1, 1, 12, '000000011212121010100032303232222222', '222222222233000030000100112222222222', '11111111111111100000000100011010000001000110000000000001100000100011011010010000100110010000001001100100001001011011000100000110000000000001100010000001011000100000000111111111111111', 'A', '2023-09-08 12:52:42', 'machine');
INSERT INTO `record` VALUES (149, 5, 11, 1, 1, 1, 12, '0', '3', '11111111111111100000000000011000100001001110010000100001100000000000011000100000011111100000000111111000000100011000000000000110000100001001110010000100011000000000000111111111111111', 'A', '2023-09-08 12:57:29', 'machine');
INSERT INTO `record` VALUES (150, 5, 11, 1, 1, 1, 12, '0010001110', '2222222220', '11111111111111110001000000011010100010000110000000000001100010100000011010100010000110000000000001100001000101011000000101000110000000000001100001000101011000000010001111111111111111', 'B', '2023-09-08 12:57:48', 'machine');
INSERT INTO `record` VALUES (151, 5, 11, 1, 1, 1, 12, '011003010101111', '230322211222220', '11111111111111100000100000011100010001000110100001000111100000001000011000000000000110000011000001100000000000011000010000000111100010000101100010001000111000000100000111111111111111', 'B', '2023-09-08 13:08:42', 'machine');
INSERT INTO `record` VALUES (152, 5, 11, 1, 1, 1, 12, '00011', '22220', '11111111111111100000000000011000000001010110100000000101100000100100011000000000110111100000000111101100000000011000100100000110100000000101101010000000011000000000000111111111111111', 'B', '2023-09-08 13:10:00', 'machine');
INSERT INTO `record` VALUES (153, 5, 11, 1, 1, 1, 12, '011110', '222220', '11111111111111100000100101011000000000000110100000010001100010000000011100000001000110101000010101100010000000111000000001000110001000000101100000000000011010100100000111111111111111', 'B', '2023-09-08 13:10:42', 'machine');
INSERT INTO `record` VALUES (154, 5, 11, 1, 1, 1, 12, '00000', '22223', '11111111111111100000100110011000000000000110000000010001100001000000011000000100100111000111100011100100100000011000000010000110001000000001100000000000011001100100000111111111111111', 'A', '2023-09-08 13:12:44', 'machine');
INSERT INTO `record` VALUES (155, 5, 11, 1, 1, 1, 12, '0', '3', '11111111111111100000000100011010000000001110000000000001100000001001011000000100010111000111100011101000100000011010010000000110000000000001110000000001011000100000000111111111111111', 'A', '2023-09-08 13:25:14', 'machine');
INSERT INTO `record` VALUES (156, 5, 11, 1, 1, 1, 12, '000', '223', '11111111111111110000000000011000010101000110000000000001100100100000111000001000000110001100110001100000010000011100000100100110000000000001100010101000011000000000001111111111111111', 'A', '2023-09-08 13:34:08', 'machine');
INSERT INTO `record` VALUES (157, 5, 11, 1, 1, 1, 12, '0100', '2222', '11111111111111101000110000011001000000000110010010000001101001000001011000000000000110001000010001100000000000011010000010010110000001001001100000000010011000001100010111111111111111', 'A', '2023-09-08 13:44:13', 'machine');
INSERT INTO `record` VALUES (158, 5, 11, 1, 1, 1, 12, '01000101033', '22303032210', '11111111111111110000001001011000001000000110100001000001100100000010111000000000000110100000000101100000000000011101000000100110000010000101100000010000011010010000001111111111111111', 'B', '2023-09-08 13:47:03', 'machine');
INSERT INTO `record` VALUES (159, 5, 11, 1, 1, 1, 12, '0000010301011223211000110', '2222222222300000323000300', '11111111111111100000000001011000000010010110000000010001100100100010011000000100110110000000000001101100100000011001000100100110001000000001101001000000011010000000000111111111111111', 'B', '2023-09-08 13:47:52', 'machine');
INSERT INTO `record` VALUES (160, 5, 11, 1, 1, 1, 12, '10101', '32300', '11111111111111100000000100011000000000001110100000100101101000000110011000000000000110000111100001100000000000011001100000010110100100000101110000000000011000100000000111111111111111', 'B', '2023-09-08 15:12:47', 'machine');
INSERT INTO `record` VALUES (161, 5, 11, 1, 1, 1, 12, '01003001110112212101012232', '22222222223000000000012222', '11111111111111100100000000011001001000000110001000010001100000010100011000000001100110000100100001100110000000011000101000000110001000010001100000010010011000000000100111111111111111', 'A', '2023-09-08 17:04:58', 'machine');
INSERT INTO `record` VALUES (162, 5, 11, 1, 1, 1, 12, '0100003000112222210100012212221210030', '2230032221212222223003000000001122300', '11111111111111100101000000011001000100000110000001000001101000000000111000100100000110001000010001100000100100011100000000010110000010000001100000100010011000000010100111111111111111', 'B', '2023-09-08 17:05:25', 'machine');
INSERT INTO `record` VALUES (163, 4, 11, 1, 1, 1, 12, '1000011223212333000001111111033333333', '2222222300000001222222230300100300112', '11111111111111100010001000011000010000000111000011000001100011010010011000000000000110000000000001100000000000011001001011000110000011000011100000001000011000010001000111111111111111', 'A', '2023-09-08 22:06:30', 'machine');
INSERT INTO `record` VALUES (164, 5, 11, 1, 1, 1, 12, '0001111003001', '2222222322120', '11111111111111101000010000011000000000000111001000000101100100000000011010000001100110100000000101100110000001011000000000100110100000010011100000000000011000001000010111111111111111', 'B', '2023-09-08 22:09:18', 'machine');
INSERT INTO `record` VALUES (165, 5, 11, 1, 1, 1, 12, '11111100033011110333301103', '23032303221212112222223000', '11111111111111100100000000011000110000000110010000001011101100000001111000000000000110000000000001100000000000011110000000110111010000001001100000001100011000000000100111111111111111', 'B', '2023-09-08 22:09:43', 'machine');
INSERT INTO `record` VALUES (166, 5, 11, 1, 1, 1, 12, '0000110', '2222222', '11111111111111100000110000011000000101100111000000010001100100000001011000000000000110010000001001100000000000011010000000100110001000000011100110100000011000001100000111111111111111', 'A', '2023-09-08 22:10:14', 'machine');
INSERT INTO `record` VALUES (167, 4, 11, 1, 1, 1, 12, '103010301030110001112322322222233300000000111', '222222222303001000000122222222230300100000032', '11111111111111110101010000011000000110000110001000001001101000000000011000000000000110010000001001100000000000011000000000010110010000010001100001100000011000001010101111111111111111', 'A', '2023-09-09 19:22:04', 'machine');
INSERT INTO `record` VALUES (168, 11, 11, 1, 5, 1, 12, '1', '2', '11111111111111110000100000011000000000000111000000000001100100000000011001001000000111110100101111100000010010011000000000100110000000000011100000000000011000000100001111111111111111', 'A', '2023-09-10 19:42:23', 'match');
INSERT INTO `record` VALUES (169, 5, 11, 1, 11, 1, 12, '', '', '11111111111111100000000000011000000100000110000000100011100000000011011000000010110110001100110001101101000000011011000000000111000100000001100000100000011000000000000111111111111111', 'A', '2023-09-10 19:42:45', 'match');
INSERT INTO `record` VALUES (170, 5, 11, 1, 11, 1, 12, '01', '23', '11111111111111100000000010011001000000110110010010000001100010000001011000010000001110000000000001110000001000011010000001000110000001001001101100000010011001000000000111111111111111', 'all', '2023-09-10 19:43:06', 'match');
INSERT INTO `record` VALUES (171, 11, 11, 1, 1, 1, 12, '0', '3', '11111111111111100100000000011000000001001110100100000001110000000001011000000000100110100100100101100100000000011010000000001110000000100101110010000000011000000000100111111111111111', 'A', '2023-09-10 19:43:31', 'machine');
INSERT INTO `record` VALUES (172, 11, 11, 1, 1, 1, 12, '100011111111001', '322122222223000', '11111111111111110010000000011000000000101110001100001001100000000000011010000010000110000100100001100001000001011000000000000110010000110001110100000000011000000001001111111111111111', 'B', '2023-09-10 19:43:50', 'machine');
INSERT INTO `record` VALUES (173, 11, 11, 1, 1, 1, 12, '0100111110111000', '2222222222300000', '11111111111111100110100000011000000000000110000101010001100001000000011000000000010110100100100101101000000000011000000010000110001010100001100000000000011000000101100111111111111111', 'B', '2023-09-10 19:44:11', 'machine');
INSERT INTO `record` VALUES (174, 11, 11, 1, 1, 1, 12, '11111', '33221', '11111111111111110000010000011000000001011110000000000001110001000101011010000000000110000000000001100000000001011010100010001110000000000001111010000000011000001000001111111111111111', 'A', '2023-09-10 19:44:34', 'machine');
INSERT INTO `record` VALUES (175, 11, 11, 1, 1, 1, 12, '1100000001003033212', '2222300003222222110', '11111111111111100001110000011000000000000110000000010001110000001000011000000101000111100000000111100010100000011000010000001110001000000001100000000000011000001110000111111111111111', 'B', '2023-09-10 19:44:55', 'machine');
INSERT INTO `record` VALUES (176, 11, 11, 1, 5, 1, 12, '10030112210112210011210011000003003222212233', '32223232330003223003322322111111100003322230', '11111111111111100010000100011000010010001111100000000001100010001000011000000000000110010000001001100000000000011000010001000110000000000111110001001000011000100001000111111111111111', 'A', '2023-09-10 19:45:58', 'match');
INSERT INTO `record` VALUES (177, 11, 11, 1, 1, 1, 12, '0100011110003', '2230303322110', '11111111111111100000000001011000011001000110000001000001100100000010111000110000000110000000000001100000001100011101000000100110000010000001100010011000011010000000000111111111111111', 'B', '2023-09-10 19:48:59', 'machine');
INSERT INTO `record` VALUES (178, 11, 11, 1, 1, 1, 12, '0110000033001121103011122223222', '2223221222223003000000003223000', '11111111111111100000010001011001000000000110000000000101101000100100011000100010001110000000000001110001000100011000100100010110100000000001100000000010011010001000000111111111111111', 'B', '2023-09-10 19:49:35', 'machine');
INSERT INTO `record` VALUES (179, 11, 11, 1, 1, 1, 12, '00000', '22223', '11111111111111100010000001011000100100000110010000000001100100000010011000010010000111000000000011100001001000011001000000100110000000001001100000100100011010000001000111111111111111', 'A', '2023-09-10 19:49:55', 'machine');
INSERT INTO `record` VALUES (180, 11, 11, 1, 1, 1, 12, '11003301103030001010111111', '33221123221222323000000000', '11111111111111101000000100011100000000011110000000000001101001000000011000001000001110001000010001110000010000011000000010010110000000000001111000000000111000100000010111111111111111', 'A', '2023-09-10 19:50:19', 'machine');
INSERT INTO `record` VALUES (181, 11, 11, 1, 1, 1, 12, '0011000330110330111', '2230033322112221100', '11111111111111100000000000011000100001100110000001000001100000000001111000100001010110000011000001101010000100011110000000000110000010000001100110000100011000000000000111111111111111', 'B', '2023-09-10 19:50:39', 'machine');
INSERT INTO `record` VALUES (182, 11, 11, 1, 1, 1, 12, '1100000', '2222223', '11111111111111110001000000011000100010000110000010010001110000000100011000000000010110010000001001101000000000011000100000001110001001000001100001000100011000000010001111111111111111', 'A', '2023-09-10 19:50:53', 'machine');
INSERT INTO `record` VALUES (183, 11, 11, 1, 1, 1, 12, '100110010111110', '222300032222121', '11111111111111100000000000011000000001000110000010000001110001000000011010111100001110000000000001110000111101011000000010001110000001000001100010000000011000000000000111111111111111', 'A', '2023-09-10 19:51:12', 'machine');
INSERT INTO `record` VALUES (184, 5, 11, 1, 1, 1, 12, '10001100110030332322230', '32212222222230000000000', '11111111111111100000000000011000000100101110000000001001100010001000011000110100000110010000001001100000101100011000010001000110010000000001110100100000011000000000000111111111111111', 'A', '2023-09-10 19:56:57', 'machine');
INSERT INTO `record` VALUES (185, 5, 11, 1, 1, 1, 12, '00000000011111123333322121211233211111233211110', '22222222230000032230000001112222222223000003223', '11111111111111110000000000011000000000000110000000001001100111100011011000000000000110000111100001100000000000011011000111100110010000000001100000000000011000000000001111111111111111', 'A', '2023-09-10 19:57:43', 'machine');
INSERT INTO `record` VALUES (186, 5, 11, 1, 1, 1, 12, '10', '22', '11111111111111101001000000011010000000010110010000000001100010000000011000100000001110010011001001110000000100011000000001000110000000001001101000000001011000000010010111111111111111', 'A', '2023-09-11 12:11:23', 'machine');
INSERT INTO `record` VALUES (187, 5, 11, 1, 1, 1, 12, '1111111033333000', '2222222222303230', '11111111111111100000000000011000100000000110110010010101100010000000011000001110000110000000000001100001110000011000000001000110101001001101100000000100011000000000000111111111111111', 'B', '2023-09-11 12:11:53', 'machine');
INSERT INTO `record` VALUES (188, 5, 11, 1, 1, 1, 12, '1', '2', '11111111111111100000000001011000101000000110000000111001110000000000011100000010000110100000000101100001000000111000000000001110011100000001100000010100011010000000000111111111111111', 'A', '2023-09-11 12:12:10', 'machine');
INSERT INTO `record` VALUES (189, 5, 11, 1, 1, 1, 12, '0103000001000122223', '2222222300030010100', '11111111111111100000011001011100000000100111000010010001100000000001011000000000000110000011000001100000000000011010000000000110001001000011100100000000111010011000000111111111111111', 'B', '2023-09-11 12:12:32', 'machine');
INSERT INTO `record` VALUES (190, 6, 11, 1, 5, 1, 12, '000000101111212110111222', '233303230323032321111210', '11111111111111100000000010011010000000000111000000100001100000000100011001110010000110100000000101100001001110011000100000000110000100000011100000000001011001000000000111111111111111', 'B', '2023-09-11 12:14:03', 'match');
INSERT INTO `record` VALUES (191, 6, 11, 1, 5, 1, 12, '11110101103030333001101011033332323222111112211', '23033322322211110122323233321123333003332321111', '11111111111111100100000000011000000001100111000000000011100000001001011000110001000110000000000001100010001100011010010000000111000000000011100110000000011000000000100111111111111111', 'B', '2023-09-11 12:14:55', 'match');
INSERT INTO `record` VALUES (192, 4, 11, 1, 1, 1, 12, '010010003', '222222220', '11111111111111100000010010011110000010000110100000010001100000001000011000000000010110001000010001101000000000011000010000000110001000000101100001000001111001001000000111111111111111', 'B', '2023-09-11 14:30:35', 'machine');
INSERT INTO `record` VALUES (193, 4, 11, 1, 1, 1, 12, '0100000000111122', '2223000322221210', '11111111111111100000100000011000000000000110000000000001100110000000011101001000001110010111101001110000010010111000000001100110000000000001100000000000011000000100000111111111111111', 'B', '2023-09-11 14:30:53', 'machine');
INSERT INTO `record` VALUES (194, 4, 11, 1, 1, 1, 12, '100110012210000333232222101110100000121', '222222230000000122222223030100030011230', '11111111111111100000010000011000000111000111000110000001100000000010011000000000100110000100100001100100000000011001000000000110000001100011100011100000011000001000000111111111111111', 'B', '2023-09-11 14:31:28', 'machine');
INSERT INTO `record` VALUES (195, 5, 11, 1, 1, 1, 12, '0100001122', '2322122300', '11111111111111101001000001011000000000000110000000000011110101000000011100000000100110000011000001100100000000111000000010101111000000000001100000000000011010000010010111111111111111', 'B', '2023-09-11 15:06:45', 'machine');
INSERT INTO `record` VALUES (196, 12, 11, 1, 1, 1, 12, '000111111120', '222222322212', '11111111111111100000001000011000000011000111010000001001110000000000011000000000010110101000010101101000000000011000000000001110010000001011100011000000011000010000000111111111111111', 'A', '2023-09-11 15:11:00', 'machine');
INSERT INTO `record` VALUES (197, 12, 11, 1, 1, 1, 12, '0111111000003300011', '2222232212223003000', '11111111111111100000100001011000000000000110000000010001100000000000011100100010010110011100111001101001000100111000000000000110001000000001100000000000011010000100000111111111111111', 'B', '2023-09-11 15:11:22', 'machine');
INSERT INTO `record` VALUES (198, 12, 11, 1, 13, 1, 12, '1111000001111', '3333333222333', '11111111111111100000000000011000000000000110000011000001100000010001011100101000001110011000011001110000010100111010001000000110000011000001100000000000011000000000000111111111111111', 'A', '2023-09-11 15:14:31', 'match');
INSERT INTO `record` VALUES (199, 5, 11, 1, 12, 1, 12, '0', '0', '11111111111111100000100100011010001001010111000000000101100000000001011000000000100110000000000001100100000000011010000000000110100000000011101010010001011000100100000111111111111111', 'B', '2023-09-11 15:14:42', 'match');
INSERT INTO `record` VALUES (200, 13, 11, 1, 12, 1, 12, '0', '0', '11111111111111100010010001011000000000000110000100000001100010000000011010001100001110001000010001110000110001011000000001000110000000100001100000000000011010001001000111111111111111', 'B', '2023-09-11 15:14:57', 'match');
INSERT INTO `record` VALUES (201, 13, 11, 1, 12, 1, 12, '111000000001111', '222333333322222', '11111111111111111000001000011001000000010110000000000101110000000000011010000000000110100011000101100000000001011000000000001110100000000001101000000010011000010000011111111111111111', 'B', '2023-09-11 15:15:41', 'match');
INSERT INTO `record` VALUES (202, 13, 11, 1, 12, 1, 12, '0011112111000122210000100003230333032333', '2222233300003333333222222221100000110330', '11111111111111100000000101011000000000000110000001000001110000001010011000000110100110000011000001100101100000011001010000001110000010000001100000000000011010100000000111111111111111', 'A', '2023-09-11 15:16:46', 'match');
INSERT INTO `record` VALUES (203, 4, 11, 1, 1, 1, 12, '', '', '11111111111111111101000000011010000000100110000000001001110000000000011000000000100110001000010001100100000000011000000000001110010000000001100100000001011000000010111111111111111111', 'B', '2023-09-15 17:01:26', 'machine');
INSERT INTO `record` VALUES (204, 4, 11, 1, 1, 1, 12, '1011121111000', '2230032221210', '11111111111111101000000000011100000000000110000100100001100000010000111000101000000111010000001011100000010100011100001000000110000100100001100000000000111000000000010111111111111111', 'B', '2023-09-15 17:01:41', 'machine');
INSERT INTO `record` VALUES (205, 4, 11, 1, 1, 1, 12, '0010121210103001003333222211212110', '2232212222300030000303221223030000', '11111111111111100000100010011100000000010110001000000001100000000000111001100100000110001000010001100000100110011100000000000110000000010001101000000000111001000100000111111111111111', 'B', '2023-09-15 17:02:24', 'machine');
INSERT INTO `record` VALUES (206, 4, 11, 1, 1, 1, 12, '00110010030300111121212', '22300322212123221232210', '11111111111111100101000000011100000000000110010000000001100010000000111100010000000110010100101001100000001000111100000001000110000000001001100000000000111000000010100111111111111111', 'B', '2023-09-15 17:05:45', 'machine');
INSERT INTO `record` VALUES (207, 4, 11, 1, 1, 1, 12, '01100000001', '22300322221', '11111111111111100000010000011011100100000110001000010001110000000001111000000000000110000000000001100000000000011110000000001110001000010001100000100111011000001000000111111111111111', 'A', '2023-09-15 17:12:31', 'machine');
INSERT INTO `record` VALUES (208, 4, 11, 1, 1, 1, 12, '00000', '22222', '11111111111111100000010000011000010110000110100000001001101000000010011001000000000110000011000001100000000010011001000000010110010000000101100001101000011000001000000111111111111111', 'A', '2023-09-15 17:13:09', 'machine');
INSERT INTO `record` VALUES (209, 4, 11, 1, 1, 1, 12, '00000111112211211', '22222222223003030', '11111111111111100000000000011000100001000110000001010101101000000010011001000001010110000000000001101010000010011001000000010110101010000001100010000100011000000000000111111111111111', 'A', '2023-09-15 17:15:39', 'machine');
INSERT INTO `record` VALUES (210, 4, 11, 1, 1, 1, 12, '01001101010111123332211', '23221232212222300030320', '11111111111111100000010001011000001000000110001011010011100000000000011000010000000111000000000011100000001000011000000000000111001011010001100000010000011010001000000111111111111111', 'all', '2023-09-15 17:17:40', 'machine');
INSERT INTO `record` VALUES (211, 4, 11, 1, 1, 1, 12, '0000000111101211122322233030000010113', '2222222223000030000011222222222300003', '11111111111111110100010000011001000000000110001000010001100000000000011001100100010110000000000001101000100110011000000000000110001000010001100000000010011000001000101111111111111111', 'A', '2023-09-16 11:21:41', 'machine');
INSERT INTO `record` VALUES (212, 4, 11, 1, 1, 1, 12, '0010101', '2222220', '11111111111111100001100101011110000100000110000000010001110000000000011010000000000110000000000001100000000001011000000000001110001000000001100000100001111010100110000111111111111111', 'B', '2023-09-16 11:21:54', 'machine');
INSERT INTO `record` VALUES (213, 4, 11, 1, 1, 1, 12, '00110100111100100033', '22222230000001222220', '11111111111111100000000000011100001010100110100000000001110001000000011001000100100110000000000001100100100010011000000010001110000000000101100101010000111000000000000111111111111111', 'B', '2023-09-16 11:22:15', 'machine');
INSERT INTO `record` VALUES (214, 4, 11, 1, 1, 1, 12, '0001111100', '2223030010', '11111111111111100000000000011000000000010110001011010001100000000000011100000001001110011000011001110010000000111000000000000110001011010001101000000000011000000000000111111111111111', 'B', '2023-09-16 11:22:32', 'machine');
INSERT INTO `record` VALUES (215, 4, 11, 1, 1, 1, 12, '00000111111111', '22222222223000', '11111111111111100001000000011000100000000110010000000001101100100010011010000101000110000000000001100010100001011001000100110110000000001001100000000100011000000010000111111111111111', 'B', '2023-09-16 11:58:42', 'machine');
INSERT INTO `record` VALUES (216, 4, 11, 1, 1, 1, 12, '', '', '11111111111111101010000010011000101000100110010000000001100000000000111000000100000110000011000001100000100000011100000000000110000000001001100100010100011001000001010111111111111111', 'B', '2023-09-20 15:36:46', 'machine');
INSERT INTO `record` VALUES (217, 4, 11, 1, 1, 1, 12, '00011221100000033222222211100010003233', '22222223000030003223003222122110000030', '11111111111111100101100001011000100000000111000000000101100000000100011000100001000110000000000001100010000100011000100000000110100000000011100000000100011010000110100111111111111111', 'B', '2023-09-20 15:37:16', 'machine');
INSERT INTO `record` VALUES (218, 4, 11, 1, 1, 1, 12, '101100000110003', '322122303000110', '11111111111111100000000000011110000000001110100000000001111011000000011000000000000111000100100011100000000000011000000011011110000000000101110000000001111000000000000111111111111111', 'B', '2023-09-20 15:40:51', 'machine');
INSERT INTO `record` VALUES (219, 3, 11, 1, 4, 1, 12, '', '', '11111111111111100100100000011000000001110110000000000001101000000000111000000101000110010000001001100010100000011100000000010110000000000001101110000000011000000100100111111111111111', 'all', '2023-09-21 21:47:03', 'match');
INSERT INTO `record` VALUES (220, 3, 11, 1, 1, 1, 12, '11110000330033001111112223222111003000003333333222', '22222222230003003001001122222222230003003001001120', '11111111111111110001000000011000000001010110000000000001100100000010011000001000010110101000010101101000010000011001000000100110000000000001101010000000011000000010001111111111111111', 'B', '2023-09-21 21:48:18', 'machine');
INSERT INTO `record` VALUES (221, 4, 11, 1, 1, 1, 12, '', '', '11111111111111100000000010011000000010000110000110000011101100000000111000000010010110000000000001101001000000011100000000110111000001100001100001000000011001000000000111111111111111', 'A', '2023-09-25 18:26:29', 'machine');
INSERT INTO `record` VALUES (222, 4, 11, 1, 1, 1, 12, '1110001001122122', '3323032212110120', '11111111111111100000100000011000001000011111000010001001100100000000011000000000011110000000000001111000000000011000000000100110010001000011111000010000011000000100000111111111111111', 'B', '2023-09-25 18:36:38', 'machine');
INSERT INTO `record` VALUES (223, 4, 11, 1, 1, 1, 12, '0001', '2222', '11111111111111100000010001011011100000000110000000101001100000010000011001000000000111000000000011100000000010011000001000000110010100000001100000000111011010001000000111111111111111', 'A', '2023-09-25 19:06:43', 'machine');
INSERT INTO `record` VALUES (224, 4, 11, 1, 1, 1, 12, '000000011011122222223303330000011011212', '222222222230300000000303221232300003220', '11111111111111100001000010011000000000010110100000000001100010000000011000010001010110100100100101101010001000011000000001000110000000000101101000000000011001000010000111111111111111', 'B', '2023-09-25 19:15:08', 'machine');
INSERT INTO `record` VALUES (225, 4, 11, 1, 1, 1, 12, '110100000001111122222333', '230322121222222233030332', '11111111111111100000000000011010010000000110010000000011101000010000011001001100010110000000000001101000110010011000001000010111000000001001100000001001011000000000000111111111111111', 'A', '2023-09-25 19:29:54', 'machine');
INSERT INTO `record` VALUES (226, 4, 11, 1, 1, 1, 12, '10010303010', '32212222222', '11111111111111100000000010011000000001101110000000010001101000000000011010000100000110011000011001100000100001011000000000010110001000000001110110000000011001000000000111111111111111', 'A', '2023-09-25 19:38:21', 'machine');
INSERT INTO `record` VALUES (227, 4, 11, 1, 1, 1, 12, '010000111111110300003233222333333', '222222223000000001222222223000003', '11111111111111110100100000011110000000100110001001000001100110000000011000000000000110000000000001100000000000011000000001100110000010010001100100000001111000000100101111111111111111', 'A', '2023-09-25 19:38:49', 'machine');
INSERT INTO `record` VALUES (228, 4, 11, 1, 1, 1, 12, '111000001', '222222220', '11111111111111101000000000011100000000110110110000000001100001001000011000100010000110000000000001100001000100011000010010000110000000001101101100000000111000000000010111111111111111', 'B', '2023-10-06 23:07:13', 'machine');
INSERT INTO `record` VALUES (229, 4, 11, 1, 1, 1, 12, '101111000030300', '322122303000110', '11111111111111100010010000011110000000001110000100000001110000000000011001000010000111000000000011100001000010011000000000001110000000100001110000000001111000001001000111111111111111', 'B', '2023-10-06 23:12:05', 'machine');
INSERT INTO `record` VALUES (230, 5, 11, 1, 1, 1, 12, '', '', '11111111111111100101011000011000000000000111000000000011100000001000011000000010001110000011000001110001000000011000010000000111000000000011100000000000011000011010100111111111111111', 'B', '2023-10-29 18:35:02', 'machine');
INSERT INTO `record` VALUES (231, 5, 11, 1, 1, 1, 12, '', '', '11111111111111100000000000011000000000000110000000010011100100001000111000000001000111100111100111100010000000011100010000100111001000000001100000000000011000000000000111111111111111', 'B', '2023-10-29 18:35:47', 'machine');
INSERT INTO `record` VALUES (232, 5, 11, 1, 1, 1, 12, '', '', '11111111111111100100000000011000001010010111101000000001100000000001011000000000110110000000000001101100000000011010000000000110000000010111101001010000011000000000100111111111111111', 'B', '2023-10-29 18:36:02', 'machine');
INSERT INTO `record` VALUES (233, 5, 11, 1, 1, 1, 12, '1010011000300011211222212123333333330000', '2222222300030000112222222300030301001220', '11111111111111100101000000011001000101000111000000000001100001000001011001000000000110001000010001100000000010011010000010000110000000000011100010100010011000000010100111111111111111', 'B', '2023-11-16 19:00:25', 'machine');
INSERT INTO `record` VALUES (234, 4, 11, 1, 1, 1, 12, '111', '220', '11111111111111100001000000011000100000000110101000110101100000000000111000010000001110000000000001110000001000011100000000000110101100010101100000000100011000000010000111111111111111', 'B', '2023-11-16 19:04:27', 'machine');
INSERT INTO `record` VALUES (235, 3, 11, 1, 1, 1, 12, '11', '20', '11111111111111100000000000011101000100010110001010001011101000100000011000000000000110000000000001100000000000011000000100010111010001010001101000100010111000000000000111111111111111', 'B', '2023-11-16 19:45:52', 'machine');
INSERT INTO `record` VALUES (236, 3, 11, 1, 1, 1, 12, '10000001', '22230000', '11111111111111110001000010011000100000100110000001000001100000001000011100000000101110000000000001110100000000111000010000000110000010000001100100000100011001000010001111111111111111', 'B', '2023-11-16 19:46:06', 'machine');
INSERT INTO `record` VALUES (237, 3, 11, 1, 1, 1, 12, '10000030111112322221', '22222230000001222220', '11111111111111100010010000011010000000000110010000000001110000110100011000000000000110011000011001100000000000011000101100001110000000001001100000000001011000001001000111111111111111', 'B', '2023-11-16 19:46:23', 'machine');

-- ----------------------------
-- Table structure for remark
-- ----------------------------
DROP TABLE IF EXISTS `remark`;
CREATE TABLE `remark`  (
  `id` int NOT NULL AUTO_INCREMENT,
  `user_id` int NULL DEFAULT NULL,
  `remark` varchar(255) CHARACTER SET utf8 COLLATE utf8_general_ci NULL DEFAULT NULL,
  `parent_id` int NULL DEFAULT NULL,
  `create_time` datetime NULL DEFAULT NULL,
  PRIMARY KEY (`id`) USING BTREE
) ENGINE = InnoDB AUTO_INCREMENT = 9 CHARACTER SET = utf8 COLLATE = utf8_general_ci ROW_FORMAT = DYNAMIC;

-- ----------------------------
-- Records of remark
-- ----------------------------
INSERT INTO `remark` VALUES (1, 2, '1111', NULL, '2023-08-28 22:21:33');
INSERT INTO `remark` VALUES (2, 2, '2222', NULL, '2023-08-28 22:39:27');
INSERT INTO `remark` VALUES (3, 2, '111', NULL, '2023-08-29 09:50:17');
INSERT INTO `remark` VALUES (4, 1, '11121', NULL, '2023-08-29 09:51:03');
INSERT INTO `remark` VALUES (5, 7, '111', NULL, '2023-09-03 13:46:17');
INSERT INTO `remark` VALUES (6, 4, '1111 2023/9/3', NULL, '2023-09-06 10:57:21');
INSERT INTO `remark` VALUES (7, 4, 'wl 2023/9/6 aaaaaaaa', NULL, '2023-09-06 10:57:53');
INSERT INTO `remark` VALUES (8, 4, '233', NULL, '2023-09-25 18:36:49');

-- ----------------------------
-- Table structure for remark_like
-- ----------------------------
DROP TABLE IF EXISTS `remark_like`;
CREATE TABLE `remark_like`  (
  `id` int NOT NULL AUTO_INCREMENT,
  `remark_id` int NULL DEFAULT NULL,
  `like_user_id` int NULL DEFAULT NULL,
  PRIMARY KEY (`id`) USING BTREE
) ENGINE = InnoDB AUTO_INCREMENT = 7 CHARACTER SET = utf8 COLLATE = utf8_general_ci ROW_FORMAT = DYNAMIC;

-- ----------------------------
-- Records of remark_like
-- ----------------------------
INSERT INTO `remark_like` VALUES (2, 1, 2);
INSERT INTO `remark_like` VALUES (3, 5, 7);
INSERT INTO `remark_like` VALUES (4, 4, 7);
INSERT INTO `remark_like` VALUES (5, 1, 7);
INSERT INTO `remark_like` VALUES (6, 5, 5);

-- ----------------------------
-- Table structure for user
-- ----------------------------
DROP TABLE IF EXISTS `user`;
CREATE TABLE `user`  (
  `id` int NOT NULL AUTO_INCREMENT,
  `username` varchar(255) CHARACTER SET utf8 COLLATE utf8_general_ci NULL DEFAULT NULL,
  `name` varchar(255) CHARACTER SET utf8 COLLATE utf8_general_ci NULL DEFAULT NULL,
  `password` varchar(255) CHARACTER SET utf8 COLLATE utf8_general_ci NULL DEFAULT NULL,
  `phone` varchar(255) CHARACTER SET utf8 COLLATE utf8_general_ci NULL DEFAULT NULL,
  `email` varchar(255) CHARACTER SET utf8 COLLATE utf8_general_ci NULL DEFAULT NULL,
  `avatar` text CHARACTER SET utf8 COLLATE utf8_general_ci NULL,
  `rating` varchar(255) CHARACTER SET utf8 COLLATE utf8_general_ci NULL DEFAULT NULL,
  `open_id` int NULL DEFAULT NULL,
  `create_time` datetime NULL DEFAULT NULL,
  `mnemonic` varchar(255) CHARACTER SET utf8 COLLATE utf8_general_ci NULL DEFAULT NULL COMMENT '助记词（新增）',
  `address` varchar(255) CHARACTER SET utf8 COLLATE utf8_general_ci NULL DEFAULT NULL COMMENT '钱包地址（新增）',
  `public_key` varchar(255) CHARACTER SET utf8 COLLATE utf8_general_ci NULL DEFAULT NULL,
  `private_key` varchar(255) CHARACTER SET utf8 COLLATE utf8_general_ci NULL DEFAULT NULL,
  PRIMARY KEY (`id`) USING BTREE
) ENGINE = InnoDB AUTO_INCREMENT = 14 CHARACTER SET = utf8 COLLATE = utf8_general_ci ROW_FORMAT = DYNAMIC;

-- ----------------------------
-- Records of user
-- ----------------------------
INSERT INTO `user` VALUES (1, 'machine', '人机', '$2a$10$GiTUf.zV.dmwn494TvV3.uqGbQwqpesEfEpft2tQ7BBhm9.tCeic2', NULL, '2459405142@qq.com', NULL, '1503', NULL, '2023-07-31 17:08:01', NULL, NULL, NULL, NULL);
INSERT INTO `user` VALUES (2, 'wpx', 'wp', '$2a$10$qGfcgxXmYT.g7uOOznemFevBV8mOVY9HjtD44R1.J.EyNTW9HYnwC', NULL, '', NULL, '1503', NULL, '2023-08-28 22:00:47', NULL, NULL, NULL, NULL);
INSERT INTO `user` VALUES (3, 'xl', '匿名用户', '$2a$10$wmMXmph9aaHYhac.blHODuvlgJ0MQhTNGbxhvNDBqXdJ/B7LXBo6m', NULL, '2459405142@qq.com', NULL, '1507', NULL, '2023-08-29 13:10:49', 'gfhbdrfg', 'c892Ke2Nxe1wBpHZuoL64M1z8w3vwZAgps', NULL, NULL);
INSERT INTO `user` VALUES (4, 'wl', '汪汪123', '$2a$10$5R0iO5B4VUCJYPf4D9raf./Ekrd5nBmmlm1C97NANzA4BwrMMWaBe', NULL, '2787864096@qq.com', NULL, '1532', NULL, '2023-09-03 12:50:18', '1234', 'cBUgBpP3mbJbVi7c9tYM8KJ7cd5Pgi5fmM', 'caf0f4c00cf9240771975e42b6672c88a832f98f01825dda6e001e2aab0bc0cc', '03ac674216f3e15c761ee1a5e255f067953623c8b388b4459e13f978d7c846f4caf0f4c00cf9240771975e42b6672c88a832f98f01825dda6e001e2aab0bc0cc');
INSERT INTO `user` VALUES (5, 'admin', '小磊', '$2a$10$CHsT17J9Gwf7QKQHXV9Pw.2jfB090TkwmbPAvlZAD8mhXspZMMtTe', NULL, '', NULL, '1509', NULL, '2023-09-03 13:19:50', 'ewqew', 'cDRbohjKPdVirbiUeuB4tUPZeLGZm5YR1C', NULL, NULL);
INSERT INTO `user` VALUES (6, 'earthy', '匿名用户', '$2a$10$eOpHORfu0MV9bH9F63GBT.DtpM3iibax2Y4lrljy6zcFkO/JonN7u', NULL, NULL, NULL, '1508', NULL, '2023-09-03 13:20:17', NULL, NULL, NULL, NULL);
INSERT INTO `user` VALUES (7, 'zinc', '匿名用户', '$2a$10$vIDG/ti2Mp3YbpolHMNrE.vxIFLE4R9p8t/LjO9aAWdjFkAS61l32', NULL, NULL, NULL, '1506', NULL, '2023-09-03 13:21:16', NULL, NULL, NULL, NULL);
INSERT INTO `user` VALUES (8, 'xl123', '匿名用户', '$2a$10$zqnaoUDTVSRfCGgYnt.Dr.kCnvj/wX1CfEkJjxvPOT2xe31stwa.m', NULL, NULL, NULL, '1498', NULL, '2023-09-03 13:27:55', NULL, NULL, NULL, NULL);
INSERT INTO `user` VALUES (9, 'lhj', '匿名用户', '$2a$10$6H.IEKnqDG5Kg6yuK2V0seojic.M3nv.D1dvZWZtNyvuE.9Qk2xsy', NULL, NULL, NULL, '1513', NULL, '2023-09-03 13:46:43', NULL, NULL, NULL, NULL);
INSERT INTO `user` VALUES (10, 'wanglei', '匿名用户', '$2a$10$osSUQKdggl/kfCe4K8k6S.q7l9zsIjW08PU0E9FTNmF/CUSaba0X6', NULL, NULL, NULL, '1500', NULL, '2023-09-08 22:03:02', NULL, NULL, NULL, NULL);
INSERT INTO `user` VALUES (11, '101694', '匿名用户', '$2a$10$bP6R6ppPxa0rSd30APmxxOW9Ipjb9QZdKPDc.Ti0h7AFxTaGLce4K', NULL, NULL, NULL, '1501', NULL, '2023-09-10 19:41:26', NULL, NULL, NULL, NULL);
INSERT INTO `user` VALUES (12, 'full', '匿名用户', '$2a$10$sv66VP4RVJn2noNMJZQ.redy/Zcb/seJejYDtLztQa6r1krnI8u0m', NULL, NULL, NULL, '1497', NULL, '2023-09-11 15:10:00', NULL, NULL, NULL, NULL);
INSERT INTO `user` VALUES (13, 'happyboy', 'happyboy', '$2a$10$qTJlQyaPv96Kx0DH3MuBie2VC5bpEx60S7.LKRs5rP51jzImwNC22', NULL, '', NULL, '1513', NULL, '2023-09-11 15:12:55', NULL, NULL, NULL, NULL);

SET FOREIGN_KEY_CHECKS = 1;
